ID,Label
1,Sabu' Martinez
2,Neal Creque
3,Roger Kellaway
4,Francisco Centeno
5,Charles Owens
6,Mayra Caridad Valdés
7,Michele Buca
8,Orchestre Symphonique De Sofia
9,Keith Underwood
10,Joseph Katina
11,Robert Clayborne
12,Ned Edwards
13,Don Byron Sr.
14,James 'Blood' Ulmer
15,Michael Arnopol
16,Tammy Thomas
17,Sam Mims
18,Clydie King
19,Chan Johnson
20,Rick Margitza
21,Gary Brown
22,Jacob Andersen
23,Christine Vlajk
24,Aloysius Foster
25,Magnus Öström
26,Yaroldi Abreu Robles
27,George Koller
28,Makoto Ozone
29,Joseph Bowie
30,Eric Tagg
31,Kahil El'Zabar
32,Monk Higgins
33,Ruud Breuls
34,Reynaldo Melian
35,Jimmie Smith
36,Bob Stewart
37,Marcus Printup
38,Gary Herbig
39,Mads Vinding
40,Topi Lehtipuu
41,Mamie Galore
42,John Lee
43,Teri Lynne Carrington
44,Gene Lobianco
45,Linley Marthe
46,Jackie Lustgarten
47,Jean DuShon
48,Lee C. Thomas
49,Gracie Ridgeway
50,Arthur Taylor
51,Ulf Wakenius
52,Nathaniel Phillips
53,Kirk Whalum
54,Bobby Sparks
55,Steve Huffsteter
56,Jerry Lloyd
57,Harold Ivory Williams IV
58,Joe McDuphrey
59,Curtis Dowd Jr.
60,Robin Kenyatta
61,Fred Pagani
62,The Los Angeles Philharmonic Orchestra
63,Peter Dimitriades
64,J.J. Cale
65,Jeff Andrews
66,Alexander Murray
67,Ratzo B. Harris
68,Kenny O'Brien
69,Lawrence Williams
70,David Ralicke
71,Suzanne Vega
72,Jeff Chambers
73,Bernard Baron
74,Alan 'Sticky' Wicket
75,Artie Kane
76,Riku Niemi 
77,Robbie Kondor
78,Grupo Changüí De Guantánamo
79,Rosario Rizzo
80,David Statham
81,Joel L. Kaye
82,John Beasley
83,Osie Johnson
84,Sunny Morgan
85,Karl Denson
86,Sarah Baro
87,Chris Parker
88,Mark Sherman
89,Larry Steele
90,Jaron Olevsky
91,Ralph Schaeffer
92,Brian Bromberg
93,Melvin Sparks
94,André Fernandes
95,Love Child
96,Ron Miles
97,Jim Horn
98,Kenny Loggins
99,Kari Kriikku
100,Peter Gordeno
101,Gonzalo Rubalcaba
102,Pekka Kuusisto
103,Tommy Turrentine
104,Henry Pearson
105,Clayton Cameron
106,Roger Sainte
107,Booker Rowe
108,Charles Baldwin
109,Ollie Brown
110,Ornette Coleman
111,Tariq 'Black Thought' Trotter
112,Amos Lee
113,Ted Dunbar
114,Christine Spencer
115,G-Knight
116,Otto Van Den Toorn
117,Cherub Femmes & Two Cherub Mens
118,Palle Danielsson
119,Clifford Jordan
120,Shadow Wilson
121,Israel Moises 'Quique' Travieso
122,George Bohannon
123,Les McCann
124,B.B. King
125,Austin Cromer
126,Michele Rosewoman
127,Stephanie McKay
128,Robbie Krieger
129,Rabbit Edmonds
130,Greg Dalton
131,Matt Holland
132,Bobby Broom
133,Lance Bryant
134,Oliver 'Rev.' Mesheux
135,Pheeroan ak Laff
136,Barry Rogers
137,Earl Van Dyke
138,Russians
139,Bridgette Bryant
140,Paul McCandless
141,Marc Johnson
142,Johnny Griffin
143,Eugene Bianco
144,Benny Powell
145,Till Brönner
146,Jina Sumedi
147,Alê Siqueira
148,Bill Sharpe
149,Keith Robertson
150,Irvin Stokes
151,Bob Green
152,Joe Smith
153,Sylvan Richardson
154,Hubert Eaves
155,George Joyner
156,Petri Keskitalo
157,Lee Thornburg
158,Francesco Bearzatti
159,Marc Berthoumieux
160,Gigi Gryce
161,Ronnell Bright
162,Lloyd Thompson
163,Danny Martucci
164,Claude Nougaro
165,Scotty Barhart
166,Winston Clifford
167,Wint Garvey
168,Bruce Flowers
169,David Lynch
170,Ted Sommer
171,Mark Levine
172,Gino Paoli
173,Mino Cinelu
174,Daniel Gilbert
175,Tom Scott
176,Eddie McFadden
177,Nicolas Montazaud
178,Horace Parlan
179,Jon Faddis
180,Al Harewood
181,Mark Turner
182,Philip Hamilton
183,Remko De Jager
184,Aydın Kahya
185,Gwen Snyder
186,Jim Campilongo
187,Larry Sieberth
188,Joe Shepley
189,Charlie Russo
190,Louis Hayes
191,Jasper Van T'Hoff
192,Stan Levey
193,Ray Diehl
194,Tony Maiden
195,Sam Rivers
196,George Thatcher
197,William Norwood
198,Bill Roper
199,Essiet Okon Essiet
200,Fred Jackson
201,Leandro 'Gato' Barbieri
202,Joe Hall
203,Joey Waronker
204,Robert Glasper
205,Howard Hewitt
206,Milt Jackson
207,Robbie Montgomery
208,Jay Anderson
209,Zakir Hussain
210,Jane Bunnett
211,Greg Tardy
212,Ira Sullivan
213,Önder Focan
214,Urbie Green
215,Bob James
216,James Moody
217,Raymond Williams
218,Marcos Salon
219,Elizabeth Wilson
220,Craig McMullen
221,Kai
222,Louise Schulman
223,Simon Oswell
224,Ian Martin
225,Keith Donald
226,Dave Chamberlain
227,Giovanni Hidalgo
228,Patti Austin
229,Miles Davis
230,Claus Bernatzki
231,Levon Helm
232,Geovanis Alcántara López
233,Cornelius Mims
234,Michael Pellera
235,Steve Davis
236,Toby Appel
237,Stu Martin
238,Danilo Rea
239,Johnny Mathis
240,Tiziano Panchetti
241,Jorge Del Barrio
242,Abraham Adenzenya
243,Ed Williams
244,Miroslav Vitous
245,Michael Baker
246,Deborah Brown
247,Willie Jones
248,Merry Clayton
249,Freddie Washington
250,Glenn Wilson
251,Gregory Hines
252,Charles Veal
253,John Fohl
254,Thierry Fanfant
255,Emmanuel Boyd
256,Dan Nimmer
257,Loic Pontieux
258,Chuck Israels
259,Al Porcino
260,Jim Anderson
261,Johnny Rodriguez
262,Harry 'Sweets' Edison
263,Lars Danielsson
264,Roger Glenn
265,Ben Goldberg
266,Carlos Villalobos
267,Errol 'Crusher' Bennett
268,Ronghea Southern
269,Frank Emilio Flynn
270,Lionel Cordew
271,Dionne Warwick
272,Tessa Niles
273,Ken Brader III
274,Lou Kievman
275,Pigmeat' Alamo Markham
276,Olivia Koppell
277,John Fedchock
278,Malcom Catto
279,Brooks Tillotson
280,Dottie Dudley
281,Sam Burgess
282,Russell Ferrante
283,Nicola Conte
284,L. Allen Zeno
285,J. Walter Hawkes
286,Derrick Gardner
287,Jürgen Tiedemann
288,Curtis Counce
289,Charlie Haden
290,Julio Cesar González
291,Eric Traub
292,Tony Terran
293,Robin Eubanks
294,Jordan McLean
295,Jacques Pelzer
296,Bobby Few Jr.
297,James Williams
298,Jack Jennings
299,Freddie Waits
300,Bert Joris
301,Sam Kininger
302,Leonard Malarsky
303,Walter Blanding
304,Bobby Lyle
305,Abdou M'Boop
306,Dwight Sills
307,DJ Dustbowl
308,David Chelimsky
309,Jose Davila
310,Vangelis Kontopoulos
311,Ahmad El Sawy
312,Sidney Bechet
313,Bas Wiegers
314,José A. Alabre Cabrera
315,Christine Martin
316,Melvin Wanzo
317,Hervé Meschinet
318,Bobby Matos
319,Chuckie Booker
320,Michel Petrucciani
321,Darryl Munyungo Jackson
322,Charlie Christian
323,Maxine Waters
324,Jerry Gonzalez
325,Vivian Cherry
326,Zachary Breaux
327,Alain Debaisieux
328,David Sanchez
329,Leon 'Ndugu' Chancler
330,Reggie Young
331,José Quintana
332,Perico
333,Paul Brown
334,Ray Lucas
335,Paul Chambers
336,Lei Hou
337,Art Phipps
338,Victor Pantoja
339,Albert Duffy
340,Mario Roncuzzi
341,Jeff Hirshfield
342,Manuel Dunkel
343,Lawrence 'Butch' Morris
344,Joe Temperly
345,Richard Dunn
346,Felix Sitjar
347,Sigidi
348,Wessell Anderson
349,James 'Tokio' Reid
350,Bill Hutchinson
351,Eric Friedlander
352,Lázaro Rivero Alarcón
353,20/Twenty
354,Abe Bolar
355,Irving Markowitz
356,Joe Henderson
357,Bobby Shew
358,Fabien Martinez
359,Paleface
360,Sharon Bryant
361,Marvin Smitty Smith
362,Roland Wilson
363,Napoleon Allen
364,Clarlene Holloway
365,Mirco Paolini
366,Jim LaBeaud
367,Curtis Robertson Jr.
368,Pheeroan AkLaff
369,Ben Dixon
370,Stacey Shames
371,Ronnie Cole
372,Malcolm Braff
373,Gene Harris
374,Sylvia Kristel
375,Tracy Wormworth
376,John Katina
377,Vic Dickenson
378,Tony Lewis
379,Denise Jannah
380,Julian Barber
381,Keisuke Torigoe
382,Anders Bergcrantz
383,Mark O'Connor
384,Greg Huckins
385,Barbara Burton
386,Cyrus Chestnut
387,Edwin Schuller
388,Bujie Centobie
389,Red Garland
390,David Fiuczynski
391,Benard Ighner
392,Gene Bertoncini
393,Lindsey Jackson
394,John Lehmkuhl
395,David Izenzon
396,Seamus Blake
397,Matt Skelton
398,David Shamban
399,Bill Hardman
400,Michael Mathis
401,James Wirrick
402,Cafe
403,Cliff Heather
404,Billy Childs
405,Jimmy Knepper
406,Bud Parks
407,Joe Rendon
408,Chris Parks
409,John Boudreaux
410,Michael Philip Mossman
411,Valerie Pinkston
412,Joel Peskin
413,James Zollar
414,Ed Jones
415,Richard Leo Johnson
416,Lance Carter
417,Jutta Hipp
418,Charles Meeks
419,Hugh McCracken
420,Lucky Thompson
421,Essiet Essiet
422,Jasmin
423,Phil Grenadier
424,Caroline Perry
425,Bill Huntington
426,Kent Jordan
427,Bob Babbitt
428,Tony Cedras
429,David Spinozza
430,Eloise Laws
431,Brandon Owens
432,Nik Cohen
433,Milt Grayson
434,Pucho
435,Charlotte Politte
436,O'Donel 'Butch' Levy
437,Samantha Harris
438,Jussi Lehtonen
439,Derrick Hodge
440,Kalle Chydenius
441,Tony Ben
442,Grover Mitchell
443,Sheila E.
444,Rufus Reid
445,Darrell Smith
446,Dennis Molchan
447,Pat Martino
448,Bad Newz
449,Scott Colley
450,Aske Jacoby
451,Reggie Johnson
452,Dennis Wilson
453,Carlos Ward
454,Terry Harrington
455,George Lugg
456,Ryan Kisor
457,Herlin Riley
458,Jimmy Zavala
459,Miguel Sanchez
460,Ed Greene
461,Denise Williams
462,William Henderson
463,DJ Slow
464,Duke Pearson
465,Charles Mims
466,Bobby Clay
467,John Leftwich
468,Hans Van Der Heide
469,Jim Robinson
470,Chris Varga
471,Judith Insell-Stack
472,Col. Bruce Hampton
473,Alain Debiossat
474,Nick Venet
475,Steve Nelson
476,Sammy Figueroa
477,Jose Valiente
478,Stephen Chopek
479,Lutz Wagner
480,Perry Wilson
481,Matt Chamberlain
482,Sylvia Trabucco
483,John McLaughlin
484,Emilio Castillo
485,Amy Kimball
486,Biréli Lagrène
487,Laura Oatts
488,Lee Morgan
489,C. K. Ladzekpo
490,Cecil Bernard
491,Dizzy Reece
492,Omar Touré
493,David Taylor
494,Laurent Filipe
495,Kevin Bales
496,Bob 'Rizzy' Hurst
497,Ed Bickert
498,Mark Dresser
499,Theo
500,Charles Lloyd
501,Jack Hale
502,East
503,Ron Jefferson
504,Adrian Piper
505,Little' John Roberts
506,Marcel Papaux
507,Buddy Lucas
508,Grant Green
509,Children Of M.S.44 NYC
510,Bill Watrous
511,Steve Thornton
512,R.V.
513,Gary Jones
514,Bijon Watson
515,Wilbur Ware
516,Murray Adler
517,Shirley Scott
518,James Nisbet
519,William Kurash
520,John Clark
521,Bernie Glow
522,Onaje Allen
523,Terry Noonan
524,Yvinek
525,Willie Tate
526,Stella Mars
527,Olivier Scoazec
528,Josh Roseman
529,Karl Berger
530,Ernest ''Lel Gato'' Gatell
531,Antti Sarpila
532,Bob Haggart
533,Craig Handy
534,Blanche Belnick
535,Mirko Signorile
536,Curtis Stigers
537,Bill Summers
538,Bill Laswell
539,Eddie Daniels
540,Tony Shanahan
541,Naomi Thomas
542,Gary Gairet
543,Cecilia Smith
544,Paul Jackson
545,Jack McDuff
546,Potato' Valdez
547,Hugh Walker
548,Dave Weckl
549,Joe Zawinul
550,Benjamin Brown
551,Guy Barker
552,Robert Ashton
553,Kahlil Kwame Bell
554,Bob Ojeda
555,Don Pullen
556,David T. Walker
557,Jeff Haynes
558,Chuck Findley
559,Sonny Wellesley
560,Lorez Alexandria
561,Lance Quinn
562,Gerald Wiggins
563,George Mraz
564,Bruce Smith
565,John Markham
566,Alton Purnell
567,Luca Bassani
568,Robby Robinson
569,Bill Maxwell
570,Fonce Mizell
571,Gillian Welch
572,King Errisson
573,Luk Zimmermann
574,Yosvanny Terry
575,Frank Rosolino
576,Sharon Perry
577,Jesse Chandler
578,Emmanuel Binet
579,Dave Easley
580,John Griffith 'Quest'
581,Nelson Veras
582,Leo Parker
583,Gene Page
584,Bonno Lange
585,John Pierson
586,Israel López 'Cachao'
587,Paulo Braga
588,Alan Shorter
589,Fareed Haque
590,Thornel Schwartz
591,Kalil Madi
592,Bob Berg
593,Marcello Giuliani
594,Gary LeMel
595,John Lehman
596,Tamie Kitahara
597,Kim Lackowski
598,Joe Knight
599,Julien Chirol
600,Bob Leonard
601,Jean Carne
602,Joe Galeota
603,Andrea Vigani
604,Albert Steinberg
605,Fernando Crateus
606,Mark McLean
607,Joel Campbell
608,Jeff Hallam
609,Gregor Huebner
610,Daniel Sadownick
611,Najee
612,Jurgen Attig
613,Philippe Garcia
614,Barry Harris
615,George Bohanon
616,Patches Stewart
617,Thomas Fryland
618,Dominique Di Piazza
619,Jimmy Cobb
620,Bernard McKinney
621,Bennie Wallace
622,Graham Hawthorne
623,Phil Davis
624,Paula Nadine Larkin
625,Riva Parker
626,Roberto Miranda
627,Jerry Thomas
628,Takeaki Sugiyama
629,Sam Karam
630,Nicholas Payton
631,Fred Perren
632,Jerry Bergonzi
633,Paul Humphrey
634,Dougie Bowne
635,Axel Windfeld
636,Sharon Fuller
637,Calder Spanier
638,Will Cornell Jr.
639,Fabio Accardi
640,Deborah 'Punkin' Shotlow
641,Stefon Harris
642,Massimo Cavalli
643,David Woods
644,Sivashakti Sivanesan
645,Joe Mondragon
646,Charles Moffett Jr.
647,Julius Buffum
648,Ron Reinhardt
649,Nathan Gershman
650,Evaristo Baro
651,Cæcilie Norby
652,Andy Wiener
653,Jerry Vinci
654,Gary Barone
655,Karen Jones
656,Willie Watson
657,Mel Simpson
658,Tony Bennett
659,Carlos Garnett
660,Gerald Spikes
661,Oscar Pettiford
662,Tony Kadleck
663,Ben Brown
664,Malcolm Griffiths
665,Bob Sanov
666,Curley Russell
667,Ricky Minor
668,Gerald Ray Chamberlain
669,Steve Logan
670,Stefano Bollani
671,Derek Smith
672,Vince DeRosa
673,Guida Tchiam
674,Walter Richmond
675,Peter Phillips
676,Javon Jackson
677,Ann Goodman
678,Chiara Ballabio
679,Horace Ott
680,Cassie
681,Joe Dizney
682,Hugo Read
683,Richard Todd
684,Alex Foster
685,Eddie Cano
686,Pete Hurley
687,Igor Kiskatchi
688,Eric Peter
689,Paul Bergstrom
690,Earl Chapin
691,Joan Jonas
692,Major Holley
693,Didier Lockwood
694,Augie Johnson
695,Thomas Kjærgaard
696,Jewelle Blackman
697,The Mardi Gras Indians
698,Katie Schlaikjer
699,Sy Smith
700,Dan Higgins
701,Jesse Ehrlich
702,Augie Rey
703,Johnny Blowers
704,Georg Mayr
705,Michael Brecker
706,Sonny Burke
707,Anthony Clark
708,Ron Levy
709,John Roberts
710,Meade 'Lux' Lewis
711,Manzie Johnson
712,Tiburon Morales
713,Daru Oda
714,Mary Ann Kinggold
715,Leroy Hodges
716,Buster & Shavoni
717,Deborah Shotlow
718,Pietro Lussu
719,Jose Marino
720,Quentin Warren
721,Mike Renzi
722,Jeff Clayton
723,Takashi Matsunaga
724,Ben Besiakov
725, Benny Rosenfeld
726,Richard Locker
727,Lomita Johnson
728,Rhonda Richmond
729,Jeffrey Zeigler
730,Jeff Mironov
731,Yoshiaki Masuo
732,Dedre Twiss
733,Mike Deasy
734,Eddie Chamblee
735,Jay Diversa
736,Robin Williams
737,DJ Rebel
738,Steve Ferrone
739,Barbara Dove
740,Lorenzo Tucci
741,Joseph Stepansky
742,Zorko Opacic
743,Peter Brown
744,Lester Fernandez
745,Robert Swan
746,Carmen McRae
747,Joe Farrell
748,Rollice Dale
749,Daniel Shindatyan
750,Dave Jackson
751,Ignacio Berroa
752,Ray Bryant
753,Howard Hewett
754,Ken Werner
755,Louis Conte
756,Maurice Simon
757,Peter Oliver Norman
758,Dan Siegel
759,Mitch Watkins
760,Maxine Willard Waters
761,Byron Stripling
762,Willie Tee
763,Seldon Powell
764,Joe Watkins
765,Ron Krasinski
766,Gherardo Catanzaro
767,Paolo Volta
768,Tommy Flanagan
769,Dennis Mackrell
770,Clifford Mack
771,Denardo Coleman
772,Marnie Robinson
773,Barry Finnerty
774,Richie Resnicoff
775,Ethan Ardelli
776,The Davell Crawford Singers
777,Sonny Rollins
778,Marvin Stamm
779,Davell Crawford Singers
780,Bobby Bryant
781,Reverend Joe Ratliff
782,Mguanda Dave Johnson
783,Snooky Young
784,David Newman
785,Richard Elliot
786,Ann Barak
787,George Duke
788,Leroy Osbourne
789,Howard Johnson
790,Howard 'Buzz' Feiten
791,Bill Lane
792,Tony Williams
793,Jimmy Smith
794,Bernard Davis
795,Randy Waldman
796,Jukka Hakoköngäs
797,Bobby Previte
798,Daru Ora
799,Stephan Schulze
800,Joohyun Im
801,Richie 'Pablo' Landrum
802,Theryl de'Clout
803,Herbie Lovelle
804,Skylar Jett
805,Gina Lalli
806,Jeff Boudreaux
807,Mark Egan
808,Timo Tuppurainen
809,Carl Carwell
810,Donald Smith
811,Willie Williams
812,Jean-Yves Lozac'h
813,Jeff Marsanska
814,Tommy Vig
815,Benny Bailey
816,Marc Kelly
817,Russell Gunn
818,Dannie Richmond
819,Roger Ramirez
820,Ray Parker Jr.
821,Fred Berthet
822,Charlie Mariano
823,Mark Walker
824,Mami Tomizawa
825,Brian Blade
826,Xiomara Laugart
827,Lee Townsend
828,Bill Reidenbach
829,Wynton Marsalis
830,David Virelles
831,Sal Marquez
832,Daniel Garcia Bruno
833,Allen Eager
834,Freddie Hubbard
835,Chief Bey
836,Vanesse Kibbe
837,Sid McGinnis
838,Leonardo Reis
839,Elly Paspala
840,Fox Fehling
841,Kenny Cox
842,Kevin Turcotte
843,João Moreira
844,Andy Bey
845,Phyllis Smith
846,Abe Laboriel
847,Joe Chambers
848,Mike Peipman
849,Bert Van Den Brink
850,Hui Cox
851,Buster Williams
852,Kenny Werner
853,Louis Spears
854,Curtis Harmon
855,Dave Hagedorn
856,Harold Caldwell
857,Ben Webster
858,Ray Pizzi
859,Peu Meurray
860,Paul Gershman
861,Barbara Durant
862,Dave Sherr
863,Sonny Fortune
864,James Poyser
865,Fabrizio Sotti
866,Richard Groove Holmes
867,Ed Calle
868,Mark Helias
869,Paul Winter
870,Rami Eskelinen
871,John Gilmore
872,Elio Rabbachin
873,Heiri Känzig
874,KT Tunstall
875,Carl Kress
876,César López
877,Lee Lane
878,Mildred Lane
879,Jenny Clark
880,Edwin Russel
881,Foggy Lyttle
882,Benjamin F. Brown
883,Vic 'C'
884,Larry Kimpel
885,Delfeayo Marsalis
886,Helen Campo
887, Chris Potter
888,Art Jenkins
889,Greg Adams
890,Uri Caine
891,Sonny Stitt
892,Kobla Ladzekpo
893,Lynn Seaton
894,Leo Wright
895,Marcelo Costa
896,Bill Rekenback
897,Marcio Resende
898,Hank Linderman
899,Gene Ammons
900,Eric Gale
901,Bernard Collins Jr.
902,Woody Shaw
903,Dario Cecchini
904,James Thatcher
905,Christophe Morin
906,Ed Bennett
907,Benny Green
908,John Graas
909,Sal Salvador
910,Eric Marienthal
911,Jeff Kievit
912,C.P. Alexander
913,Michael Bearden
914,Richie Goldberg
915,Alice Coltrane
916,June Gardner
917,Big Black
918,Plas Johnson
919,Danny Quebec West
920,Tunde Jegedee
921,Donald Bailey
922,Pepper Adams
923,Pete Johnson
924,Eddie Diehl
925,Rijeti Pirani
926,Chuck Rainey
927,Mark Peterson
928,Derek Green
929,Tatsuya Sano
930,Shelby Eicher
931,Mark DeRose
932,Bim String Orchestra
933,Kimberley Longstreth
934,Arthur Adams
935,Jumpin' Johnny Sansone
936,Ronnie Burrage
937,Nilson Matta
938,Ron Jenkins
939,Lewis Eley
940,Michael Landau
941,Carneiro
942,Otis Jackson Jr.
943,Alan Palanker
944,Walter Page
945,Sonny Greenwich
946,Dave Jones
947,Eric Montzka
948,Paul Jackson Jr.
949,Hampton Hawes
950,Khalil Rahman
951,Barbara Carroll
952,Bruce Hall
953,Mike Mattos
954,Roland Alexander
955,Maeretha Stewart
956,Brad Mehldau
957,Jon Christensen
958,Michael Miller
959,John Coltrane
960,Jim Culbertson
961,Kevin Toney
962,Jim Markham
963,Rachelle Ferrell
964,Bill Mays
965,Bobby Rush
966,Ian Underwood
967,Gene Cipriano
968,Vincent Henry
969,Abdullah
970,Chris Botti
971,Lee Ranaldo
972,Jean-Pierre Taïeb
973,Boogaloo' Ames
974,Louis Johnson
975,Lester Snell
976,Trijntje Oosterhuis 
977,Bobby McFerrin
978,Lena D'Água
979,Lennart Ginman
980,George Taitt
981,Maylin Sevila Brizuela
982,Edmund Gregory
983,Randy Brecker
984,Tata Guines
985,Luca Poggiali
986,Rene Hall
987,Art Farmer
988,Fred Buldrini
989,Brenton Banks
990,Cecil Payne
991,Jerry Brown
992,Ronnie Mathews
993,Howard Roberts
994,Tameka Pullen
995,Frank Martin
996,Stephen Scott
997,Gromyko Collins
998,Christian Howes
999,Keith Pullen
1000,Phil Parlapiano
1001,Joe Cinderella
1002,Roger Hutchinson
1003,Bram Wijland
1004,Muriel Fowler
1005,Doug Mettome
1006,Milton Cardona
1007,Johnny Coles
1008,Jimmy McGriff
1009,Dadi
1010,Norwood
1011,Teemu Viinikainen
1012,Cleave Guyton
1013,Gary Grant
1014,Carlos Emilio Morales
1015,Keith Copeland
1016,Eduardo Del Barrio
1017,Tani Tabbal
1018,Yossi Fine
1019,Gene Conyers
1020,Maxayn Lewis
1021,Tom Brechtlein
1022,Teri Brown
1023,Wendy Leliveld
1024,Pierre De Bethmann
1025,Julian Priester
1026,Mos Def
1027,Chris Joyner
1028,Juliano Barbosa
1029,Wayne Linsey
1030,Mário Santos
1031,Bob Burgess
1032,Stuart D. Bogie
1033,Mark Feldman
1034,Martijn Vink
1035,John Ellis
1036,Rudy Regalado
1037,Jenny Scheinman
1038,Horia Moroaica
1039,Rolf Delfos
1040,Codaryl 'Cody' Moffett
1041,Greg Hutchinson
1042,CJ Kim
1043,Jack Richmond
1044,Dr. John
1045,David Crawford
1046,Burt Bacharach
1047,Tukka Yoot
1048,Sylvester Goshay
1049,Tinker Barfield
1050,Dwight Dickenson
1051,Joshua Redman
1052,Jan Arnett
1053,Sia
1054,Herman Jackson
1055,Brad Roberts
1056,Radan Kuyumjian
1057,Andy McKee
1058,Lily Alcalay
1059,Steve Cannon
1060,Jimmy Nottingham
1061,Bob Enevoldsen
1062,Kevin Eubanks
1063,Chris Lovejoy
1064,Basilio Márquez
1065,Norman Connors
1066,Altfrid M. Sicking
1067,Sam Jones
1068,Lucumi
1069,Guillermo Rubalcaba
1070,Julie Landsman
1071,Mats Öberg
1072,Dean Robert Pratt
1073,Mark Ledford
1074,Dick Hyde
1075,James Lloyd
1076,Jerome Richardson
1077,Thelma Beach
1078,Charles Pillow
1079,Bill English
1080,Larry Frazier
1081,Daniele Bassi
1082,Stacey Kent
1083,Andrea Pasi
1084,Bill Swindell
1085,Ramses Rodriguez Baralt
1086,Stanley Cowell
1087,Fabien Haimovici
1088,Jan Söderblom
1089,Barry Altschul
1090,Kenny Washington
1091,Tom McIntosh
1092,Tino Tracanna
1093,Anthony Braxton
1094,Mario Rivera
1095,Ron Steward
1096,Xavier Davis
1097,Maysa
1098,Donald Cook
1099,Avery 'Kid' Howard
1100,Gary Valente
1101,Frank Colon
1102,Josie James
1103,David Sanborn
1104,Billy Hart
1105,Eddie Bo
1106,Jim Hughart
1107,Ludovic Navarre
1108,Emanuel Boyd
1109,Claude Deppa
1110,Barbara Simons
1111,Eileen Gilbert
1112,Louann Montesi
1113,London Studio Orchestra
1114,Mick Green
1115,Idrees Suliman
1116,Doug Hall
1117,Bob McChesney
1118,Rick Centalonza
1119,Ollie E. Brown
1120,Bill McHenry
1121,Hal Galper
1122,Robert Randolph
1123,James Chirillo
1124,Jewell Bass
1125,Tibor Zelig
1126,Doug Pettibone
1127,Tom Christensen
1128,Mike Veseglia
1129,Jimmy Young
1130,Derek Watkins
1131,Willem Van Merwijk
1132,Willie Bivens
1133,Jeremy Steig
1134,Fred Gripper
1135,John Simmons
1136,Michael Leonhart
1137,Billy Root
1138,Gregory Morris
1139,Hiram Bullock
1140,Kenny Dennis
1141,Henry Grimes
1142,Leon Pendarvis
1143,Jan Hammer
1144,Eddie Khan
1145,EDC
1146,Kitty Pereira
1147,David Friedman
1148,Judah Samuel
1149,Renee Rosnes
1150,Bernard Sterling
1151,James Taylor
1152,Lorraine Kennar
1153,Lou Marini
1154,Marc Antoine
1155,Terrence Marks
1156,Rudy Williams
1157,Carl Williams Jr.
1158,Buck Clayton
1159,Ricky Ford
1160,Weuz Kaly
1161,Les Paul
1162,Louis Haber
1163,Skip Scarborough
1164,Paul Jackson Jr
1165,Victor Partajo
1166,Grupo Grupo Changüi De Santiago
1167,Mal-Blak
1168,Joan Henry
1169,Eric Rehl
1170,Carlitos del Puerto
1171,Sam Taylor
1172,Marcus Baylor
1173,Lawrence Mitchell
1174,Joe Sircus
1175,George Butcher
1176,Steve Turre
1177,Marcus Strickland
1178,Wayne Dockery
1179,Pascal Ohse
1180,Ray Barretto
1181,Doug Nally
1182,Julius McKee
1183,Teddy Smith
1184,John Cyr
1185,Doug Wiess
1186,John Reilly
1187,Felipe LaMoglia
1188,Satu Huuskonen
1189,Ron Janelli
1190,Bluey Maunick
1191,Frank Szabo
1192,Jackie McLean
1193,Andre Hayward
1194,Paul Griffin
1195,Dave Santoro
1196,Mark Belair
1197,Stanley Gilbert
1198,Andy Reinhardt
1199,Eric Krasno
1200,Charles Fillilove
1201,Doug Purviance
1202,Dennis Budimir
1203,Bebo Valdés
1204,Jim Powell
1205,Pedro Baby
1206,Lars Møller
1207,Abraham Burton
1208,Bill Pierce
1209,Earl Neal Creque
1210,Flora Pulim
1211,John Andrew Schreiner
1212,Richard Page
1213,Carlos 'Patato' Valdes
1214,Laymon Jackson
1215,Karen Dirks
1216,Kyle Koehler
1217,Steen Hansen
1218,Arttu Takalo 
1219,Jonathan Paul
1220,Gert Sträuble
1221,Jim Gordon
1222,Bembé Segué
1223,Scott Edwards
1224,Roman Johnson
1225,Louis Alves
1226,Onaje Allan Gumbs
1227,Jimi Tunnell
1228,Phil Dwyer
1229,Harry Pickens
1230,Sir Roland Hanna
1231,Fran García Lanz
1232,Darryl Hall
1233,Andy Delannoy
1234,Ron Stockert
1235,Teppo Mäkynen
1236,Atsushi Osada
1237,Chuck Berghofer
1238,Sonny Emory
1239,Bruce Martin
1240,David Hayes
1241,Leon Pettis
1242,Dianne Reeves
1243,Kevin Johnson
1244,Symphonic Orchestra 'Les Archets De Paris'
1245,Jack Jeffers
1246,Eddie Talamente
1247,Benisuke Sakai
1248,Rick Baptist
1249,Johnny Scott
1250,Booker Ervin
1251,Thierry Eliez
1252,Sondra Walston
1253,Pete King
1254,Tina Brooks
1255,Mounir Troudi
1256,George Guesnon
1257,Al Turner
1258,Kevin Brandon
1259,Shirley Caesar
1260,David Kalish
1261,Clarence 'Gatemouth' Brown
1262,Joe Williams
1263,Roy Ayers
1264,Benjamin Bossi
1265,Dj Spooky
1266,Leon Henderson
1267,Vernel Fournier
1268,Kelly Sweet
1269,Jim Keltner
1270,Eddie Nicholson
1271,John Lowe
1272,Margie Evans
1273,Gregory Davis
1274,Byard Lancaster
1275,Geri Allen
1276,Ray Jackson
1277,Rick Chamberlain
1278,Masabumi Kikuchi
1279,Janice Gower
1280,Alex Lilly
1281,Elmo Hope
1282,Roland Hartwell
1283,Michel Benita
1284,Miro Tesevic
1285,Uffe Markussen
1286,Michael Thompson
1287,Carmell Jones
1288,Monica Mancini
1289,Bruno Marcozzi 
1290,Irina Solinas
1291,Ken Kessie
1292,Gilberto Tarocco
1293,Sharon Robinson
1294,Al Gibbons
1295,Leonard Selic
1296,James Katina
1297,Matt Cooper
1298,Rodman Del Castillo
1299,Kay Haith
1300,Ben Wittman
1301,Dick Griffin
1302,Talib Kweli
1303,Joe Bianco
1304,Norberto Apellaniz
1305,Ron Blake
1306,Shelby Webb Jr.
1307,Stevie Ray Vaughan
1308,Simon Climie
1309,Los Naranjos De Cienfuegos
1310,Mondre Moffett
1311,Jim Hall
1312,Elvin Jones
1313,Renato Sellani
1314,Matthew Gee
1315,Lamont Van Hook
1316,Kirk Lightsey
1317,Ashley Slater
1318,Lawrence Neuman
1319,Ludovic Bruni
1320,Steve Ford
1321,Gegè Telesforo
1322,Rachel Ferrell
1323,Norah Jones
1324,Sebastien Martel
1325,Harold Kohon
1326,Henry Davis
1327,Buddy Terry
1328,Art Neville
1329,Don Frye
1330,Hank Crawford
1331,Mor Thiam
1332,Tom Harrell
1333,Joe Morello
1334,Joki Freund
1335,Larry Bunker
1336,Simon Fryer
1337,Avery Sommers
1338,Ralph Bowen
1339,David Williams
1340,Torsten Tiebout
1341,Steve Lodder
1342,Tracy Hamlin
1343,Andy Bell
1344,Lynne Fidmont-Lindsey
1345,Paul Peabody
1346,Elena Cosmo
1347,Dennis Irwin
1348,Peter Apfelbaum
1349,Alexandre Frazão
1350,Mick Schirmeyer
1351,Steve Bbarri
1352,Pete Myers
1353,Kosuke Tsuji
1354,Percy France
1355,DJ Olive
1356,Marc Erbetta
1357,Cassandra Wilson
1358,Abdul Wadud
1359,Bill Liston
1360,Carol Buck
1361,Bennie Green
1362,Grachan Moncur III
1363,Robert Jenkins
1364,Brian Lynch
1365,Lou Mecca
1366,Anthony Gilbert
1367,Valerie Mayo
1368,Edward Simon
1369,Brad Jones
1370,Perry Montague-Mason
1371,Jacob Krachmalnick
1372,Ed Green
1373,Sonia Tavares
1374,Ron Stallings
1375,Calvin Newborn
1376,Lázaro Ros
1377,Jaz Sawyer
1378,Harry Bluestone
1379,Pedro Martinez
1380,Eddie Del Barrio
1381,Jay
1382,Excite
1383,Craig Gosnell
1384,Barry J. Eastmond
1385,Tai Lescinski
1386,Bill Charlap
1387,Jay Jay Johnson
1388,Billy Phipps
1389,Lodewijk van Gorp
1390,Shay Harris
1391,Bugsy Moore
1392,Don Butterfield
1393,Fernando Perdomo
1394,Percy Heath
1395,Sammy Greason
1396,Sonny Red
1397,Joe Locke
1398,Wilbur Little
1399,Clarence McDonald
1400,Steve Kroon
1401,Bänz Oester
1402,John Jenkins
1403,Louise Norby
1404,Clifford Carter
1405,Romeo Penque
1406,Doris Carr
1407,Olu Dara
1408,Santi Debriano
1409,Albert Nicholas
1410,Clayton Richardson
1411,Jackie Ward
1412,Chris Severin
1413,Niels Lan Doky
1414,Clifford Scott
1415,Chris Albert
1416,Donald Byrd
1417,Mark Shim
1418,Francisco Mela
1419,Mark White
1420,Mabon 'Teenie' Hodges
1421,Leon Maleson
1422,Carlos Vega
1423,Richard Tee
1424,Esa Kuloniemi
1425,Tim May
1426,Eddie Dougherty
1427,Victor Paz
1428,Kenny Kirkland
1429,Ron Kerber
1430,Joe Lovano
1431,Sam Herman
1432,Israel Crosby
1433,Ed Boyer
1434,Ernie Royal
1435,Clint Mosley
1436,Louie Patton
1437,Dave Bartholomew
1438,Christa Jérôme
1439,Kiane Zawadi
1440,Sibel Köse
1441,Ulysses Livingston
1442,George Marge
1443,Juan Chacón Gonzalez
1444,Kevin Watt
1445,Lou Rawls
1446,Henry Franklin
1447,Erwin Hoorweg
1448,Tony Rémy
1449,Al DiMeola
1450,Colin Linden
1451,Simon Pomara
1452,Naná Vasconcelos
1453,Maurice Spears
1454,Ben Riley
1455,Gina Dorman
1456,Greg Gonaway
1457,John Morrell
1458,Marie Harper
1459,Carolina
1460,Paulinho Da Costa
1461,John Williams
1462,Mark Shuman
1463,Jim Bossy
1464,Larry Nash
1465,Tony Dagradi
1466,Tyree Glenn
1467,Dave Small
1468,Njacko Backo
1469,Joe Sullivan
1470,Dzidzorgbe Lawluvi-Ladzekpo
1471,Otmaro Ruiz
1472,Jimmy Hamilton
1473,Marcus Belgrave
1474,Jimmy Knepper 
1475,Charles Collins
1476,Raymond J. Kelley
1477,Vic Juris
1478,Marc Ribot
1479,Andre Heuvelman
1480,Bennie Sims
1481,Frank Mitchell
1482,Steven Dubin
1483,Rob Cochran
1484,Pat Rebillot
1485,Nigel Williams 'N.I.Gel'
1486,Jimmy Lyon
1487,Ronald Thomas
1488,Stephanie Jordan
1489,Alex Al
1490,David Liebman
1491,Peter Davis
1492,Mike Mainieri
1493,Teddy Stewart
1494,Michael Cuscuna
1495,Albertine M. Robinson
1496,Ian Froman
1497,Roland Bautista
1498,Herbie Nichols
1499,Chuck Loeb
1500,Ladji Camara
1501,Kevin Tarrant
1502,Rodney Green
1503,Wellman Beaud
1504,Don Wilkerson
1505,Arthur Clarke
1506,George Schuller
1507,Tony Dumas
1508,Sam Staff
1509,John Gianelli
1510,Mami Robinson
1511,Chano Pozo
1512,Margaret Fowler
1513,James Manning
1514,Birgitta Schaub
1515,Shirley Eikhard
1516,Bebo Ferra
1517,Carl Stanbridge
1518,Frank Socolow
1519,Alexandre Destrez
1520,Jesper Nordenström
1521,Jairo Moreno
1522,Gregory Hutchinson
1523,Marco Franco
1524,Andre Granat
1525,Wesley Landers
1526,Andy Borger
1527,Doug Wamble
1528,Phil Perry
1529,Xavier Dessandre Navarre
1530,Eric Dawkins
1531,David Benoit
1532,Joyce Copeland
1533,Tommy Potter
1534,Victor Lewis
1535,Rudy Migliardi
1536,Sandy Stewart
1537,Mickey Feat
1538,Kenny 'Pancho' Hagood
1539,James Weidman
1540,Jeff Stitely
1541,Agbi Ladzekpo
1542,Arsenio Rodriguez
1543,Sid Jacobs
1544,Jerry Steinholz
1545,Arthur Trappier
1546,Daniel Lanois
1547,Kenny Dorham
1548,Pierre Michelot
1549,Jon Shapiro
1550,Margaret Ross
1551,Tess Johnson
1552,Sidney Catlett
1553,Eddie Jones
1554,Edwin Swanston
1555,Rodney Whitaker
1556,Paul Weedon
1557,Ray Mantilla
1558,Anders 'Chico' Lindvall
1559,John Ore
1560,Don Preston
1561,Tate Houston
1562,Rudy Jones
1563,Spiràl
1564,Cecina Nocchi
1565,Yuron Israel
1566,Graham Harvey
1567,Otis Finch
1568,Jeffrey Durrant
1569,Clarence Palmer
1570,Amado Dedeu
1571,Ken Watson
1572,Paula Tesser
1573,Donald Hepburn
1574,Dick Mitchell
1575,Pippo Colucci
1576,E.J. Rodriguez
1577,Sylvia Mason-James
1578,Terence Higgins
1579,Bart Schneemann
1580,Roy Babbington
1581,Don Wyatt
1582,Rosalyn Brown
1583,The New Orchestra Of Boston
1584,George Lewis
1585,Tim Hauser
1586,Althea Young
1587,Jens Wendelboe
1588,Robert Sanov
1589,Jerry Byrd
1590,DJ Bunuel
1591,Wayne Shorter
1592,Rob May
1593,Karl Sanner
1594,Jesse Kilpatrick Jr.
1595,Dexter Gordon
1596,Graham Haynes
1597,Sadiq
1598,Don Moore
1599,Baby Face' Willette
1600,Gene Dunlap
1601,Brother Jack McDuff
1602,Tuukka Vihtkari
1603,Enrique Plá
1604,Banz Oëster
1605,Tata Güines
1606,Piero Leveratto
1607,Greg Leisz
1608,Choral Thunder
1609,Tony Remy
1610,André Ceccarelli
1611,Jimmy Wyble
1612,Harold O'Neal
1613,Nesbert 'Stix' Hooper
1614,Eric Chevalier
1615,Peter Ind
1616,Bart Maris
1617,Kenny Burrell
1618,Mildred Weston
1619,LaReine LaMer
1620,Los Jubilados De Santiago De Cuba
1621,Marie Fera
1622,Willie Seaberry
1623,Jimmy Hogarth
1624,Jerry Jemmott
1625,Clare Fischer
1626,Ruben P. Alvarez
1627,Nicolas Mathuriau
1628,Al McKibbon
1629,Rene Thomas
1630,Gert Stäuble
1631,Toots Thielemans
1632,Matt Brewer
1633,Maurizio Giammarco
1634,Maurice Grants
1635,Roberto Gatto
1636,Idris Muhammad
1637,Charles Veal Jr.
1638,Harold Land
1639,Buddy Weed
1640,Irving Luichel Acao Tierra
1641,Charlie Rouse
1642,Tommy Benford
1643,Russel Jenkins
1644,Jonah Jones
1645,Clarence Sharpe
1646,Stan Tracey
1647,Claudia Moore
1648,Arthur Lewis
1649,Al Aarons
1650,Andrew Love
1651,Stacey Edwards
1652,Bryan Carrott
1653,Tony Rabeson
1654,Lee Konitz
1655,Bobby Porcelli
1656,Venetta Fields
1657,Johnny Almendra
1658,Reggie Washington
1659,Ralph Peterson
1660,Don Vappie
1661,Pupilo
1662,Victor Sproles
1663,Earl Knight
1664,Charlie Hunter
1665,Fernando Saunders
1666,Tuck Andress
1667,Andy Harsant
1668,Carmen Saveiros
1669,Pirro Gjikondi
1670,Frank Owens
1671,MED
1672,Sherrod Barnes
1673,Danny Gatton
1674,Dimitris Desyllas
1675,Zak Najor
1676,Freeman Lee
1677,Steve Ellington
1678,Sir John Godfrey
1679,Deniece Williams
1680,Tyrone Brown
1681,Chris Whitley
1682,Michael Ottomar Müller
1683,Keith Ighner
1684,Tomas Djupsjöbacka
1685,Jason Rebello
1686,Marlene Rice-Shaw
1687,Garvin Masseaux
1688,Harold Coletta
1689,Richard Davis
1690,Damion Reid
1691,Dave Bishop
1692,Rashied Ali
1693,Bill Goodwin
1694,Carl Lynch
1695,Arthur Edgehill
1696,Ralph Moore
1697,Kenny Drew Jr.
1698,Anthony Wilson
1699,Mark Harvey
1700,Jonathan Abramowitz
1701,Reggie Calloway
1702,Emilio Tosi
1703,Tom Timko
1704,Nicolas Krassik
1705,Curtis Porter
1706,Trevor Lawrence
1707,Greg Williams
1708,Milt Hinton
1709,Alcide 'Slow Drag' Pavageau
1710,Mark Kelso
1711,Thierry Lang
1712,Aaron Johnson
1713,Bill Henderson III
1714,Johnny Williams
1715,Vinnie Colaiuta
1716,Vince Cherico
1717,Reggie Workman
1718,Arthur Blythe
1719,Jim Hawkins
1720,Aaron Neville
1721,Gene Jackson
1722,Archie Alleyne
1723,Marzi Nyman
1724,Donald Harrison
1725,Yusef Salim
1726,Oscar Noriega
1727,Arto Tuncboyaciyan
1728,Sidney Muldrow
1729,Gavin Povey
1730,Raulito Hernández
1731,Barry Eastmond
1732,James Genus
1733,Julian 'Cannonball' Adderley
1734,Al Grey
1735,Gildo Mahones
1736,Lionel Corsini
1737,Ville Huolman
1738,Dee Ervin
1739,Paul Stacey
1740,Elizabeth Connant
1741,Morris Pleasure
1742,Olivier Louvel
1743,Rodney Jordan
1744,Andrew Hill
1745,Jacob Fischer
1746,Priscilla Ahn
1747,Tom Whaley
1748,Leroy Vinnegar
1749,Stéphane Guillaume
1750,Melvin Lastie
1751,Herman Foster
1752,Pat Patrick
1753,Dennis Rollins
1754,Craig Kastelnik
1755,Michael Rabinowitz
1756,Alphonse Mouzon
1757,Dave Douglas
1758,Ronald White
1759,DR RadioUnderholdningsOrkestret
1760,James Ola Folami
1761,Narada Michael Walden
1762,Herschel Wise
1763,Terry Smith
1764,Billy Smith
1765,Gary Breit
1766,Paul Jackson III
1767,Hank Jones
1768,Anders Mogensen
1769,George Jenkins
1770,Gil Goldstein
1771,Frank Foster
1772,Alfred 'Uganda' Roberts
1773,Willie Nelson
1774,Eliot Zigmund
1775,Carrie Holzman-Little
1776,Jane Scarpantoni
1777,Todd Cochran
1778,Nikos Touliatos
1779,Nat Bettis
1780,J.C. Higginbotham
1781,Marc Copland
1782,Bill Stewart
1783,Idrissa Diop
1784,Mike Stern
1785,Aurélie Guillier
1786,Wynton Kelly
1787,Bill Champbell
1788,Carol Ann Robinson
1789,Bennie Maupin
1790,Vilho Vartiainen
1791,Amel Larrieux
1792,Poogie Bell
1793,Walter Bolden
1794,Halldora
1795,Shivas Shanker
1796,Elaine Beener
1797,Jean Phillippe Dary
1798,Shelton Laster
1799,Barbaro Torres Delgado
1800,Carroll Dashiell
1801,David Barard
1802,Edouard Labor
1803,Berney Perry
1804,Benjamin Franklin Carter
1805,Nadi Qamar
1806,Malcolm Riddick
1807,David Goldblatt
1808,Kenny Shroyer
1809,Portinho
1810,Sheila Wilkinson
1811,John Hardee
1812,The Wardell Quezergue Strings
1813,David Linx
1814,Bill Evans (3)
1815,Nicolas Giraud
1816,Lucy Elias
1817,Frank Anderson
1818,Joe Beck
1819,Jay Arnold
1820,New York Group Singer's Big Band
1821,Aram Kersbergen
1822,Don Sickler
1823,Drew Gress
1824,Bob Mintzer
1825,Dizzy Gillespie
1826,Sungsik Jeon
1827,Perry Lopez
1828,Amsterdam Sinfonietta
1829,Billy Drewes
1830,Enrico Rava
1831,Juliette Roberts
1832,Bobbye Hall
1833,Mulgrew Miller
1834,Frank Sinatra
1835,Pancho Quinto
1836,Cyrille Bugnon
1837, Rob Amster 
1838,Jacinta
1839,Biz Markie
1840,Chino Pozo
1841,Emanuele Cisi
1842,Roger Lewis
1843,Vincent Taeger
1844,Nya
1845,Sam Brown
1846,Taylor McFerrin
1847,Mike Price
1848,Barry Rodgers
1849,Bjarki Gunnarsson
1850,Viktoria Tolstoy
1851,Paula Hochhalter
1852,Joan Johnson
1853,Tapani Toivanen
1854,Larry Goldings
1855,Hilda Harris
1856,Jim Daniels
1857,Zoot Sims
1858,Lance Ellington
1859,Paul Moesl
1860,Nelson Gomies
1861,Tony Scherr
1862,David Troncoso
1863,Joe Fiedler
1864,Johnny Pacheco
1865,Ticklah
1866,Ed Simon
1867,John Bennett
1868,Richard Hackett
1869,Malik Flavors
1870,Kenji Hino
1871,Benny Golson
1872,Jymie Merritt
1873,Larry Gray
1874,Michel Camilo
1875,Hank White
1876,Lynn Mack
1877,Brian Culbertson
1878,Rayford Griffin
1879,Tim Carmen
1880,Ernesto Gatell
1881,Reginald Veal
1882,Peter Washington
1883,J.D.Parran
1884,Tania Maria
1885,Alan Paul
1886,James Singleton
1887,Jean-Pierre Como
1888,Hank Mackie
1889,David Montagu
1890,Eddie Green
1891,Marcia Van Dyke
1892,Vicente Archer
1893,George Robert
1894,Wayne Bergeron
1895,Jeff Driskoll
1896,José Miguel Meléndez
1897,Dudley Phillips
1898,Alex Harden
1899,Ruth Brown
1900,Scotty Hard
1901,Patrick Muller
1902,Thelonious Monk Jr.
1903,Joey Baron
1904,Tony Lindsay
1905,Joseph Rivera
1906,Robert Budson
1907,Weldon Irvine
1908,Jeremy
1909,Bill Florez
1910,Hector Gallardo
1911,Tommy Bolin
1912,Danny Stiles
1913,Tarek Abou-Chanab
1914,Eric Daniels
1915,James Carter
1916,Don Peake
1917,Chris Minh Doky
1918,Glen Moore
1919,Harry Klee
1920,Herman Mathews
1921,Grachan Moncur
1922,Jeff Watts
1923,Steve Forman
1924,Alan Abrahams
1925,Robert Pozar
1926,James King
1927,Harry Glickman
1928,M. Ward
1929,Emmanuel Cremer
1930,Ray Crawford
1931,Morris Repass
1932,Ron Barrows
1933,Donnie Beck
1934,Brisa Roché
1935,Ray Obiedo
1936,Marty Ehrlich
1937,Rewit Koven
1938,Lewis Nash
1939,Darius McCrary
1940,Dan Rieser
1941,Chris Thomas
1942,Lefteris Bournias
1943,Dodo Greene
1944,Gloria Ridgeway
1945,Ada Rovatti
1946,Noel Pointer
1947,Katinka Kleijn
1948,Kevin Hays
1949,Jimmy Heath
1950,Adam Kolker
1951,Bennie Powell
1952,Mike Lang
1953,Ladysmith Black Mambazo
1954,Theodore Israel
1955,Yvonne Gage
1956,Dave Mann
1957,Jack Walrath
1958,Julie Patton
1959,Laura Seaton
1960,Mandy Drummond
1961,Buddy Williams
1962,Mae McKenna
1963,Budd Johnson
1964,Fritz van Orden
1965,Leon Spencer Jr.
1966,Ivan Lins
1967,Larry Dunn
1968,José Lúis 'Changuito' Quintana
1969,Danny Moore
1970,Walter Booker
1971,Gerald Hubbard
1972,Bernard Oattes
1973,Bob Malach
1974,Teddy Mulet
1975,Tony Peluso
1976,Steve Khan
1977,Garnett Brown
1978,Selene Hurford
1979,Larry McGee
1980,Jason Marsalis
1981,Ron Carter
1982,Jamie Masefield
1983,Giulio Visibelli
1984,Jackie Allen
1985,Sami Koskela
1986,Tommy Organ
1987,Rachel Jordan
1988,Ernest Thompson
1989,Sylvain Luc
1990,Pete La Roca
1991,Dave Reinhardt
1992,Scott Amendola
1993,Chris Passin
1994,Jakob Fischer
1995,Gerald Cannon
1996,Jack Pisters
1997,Robin Casey
1998,Lou Blackburn
1999,Julia Kent
2000,Harry Lookofsky
2001,Joe Satriani
2002,Eddie Henderson
2003,Pedro Bernardes
2004,Henry Hey
2005,Rick Braun
2006,Dan Berglund
2007,Rick Ferreira
2008,Lani Groves
2009,Jalidan Ruiz Castro
2010,Walter Perkins
2011,Chuck Cymone
2012,Steve Kuhn
2013,Alan Skidmore
2014,Carlos Ricketts
2015,Ronnie Cuber
2016,Oren Waters
2017,Kermit Moore
2018,Howard McGhee
2019,Ben Butler
2020,Gary Bias
2021,Johnny Acea
2022,George Adams
2023,DJ Kingsize
2024,Wilbert Hogan
2025,James Leary III
2026,Carlos 'Patato' Valdés
2027, Ben Besiakow
2028,DJ P Love
2029,Jack DeJohnette
2030,Pietro Ciancaglini
2031,Jesse Katina
2032,Mike Wimberly
2033,Sherman Irby
2034,Robbie McIntosh
2035,Guy Lumia
2036,Dean Parks
2037,Mauro Grossi
2038,Maxi Priest
2039,Per Jørgensen
2040,Erik Friedlander
2041,Severi Pyysalo
2042,Josh White
2043,Al McKay
2044,Frank Newton
2045,Alec Dorsey
2046,Garth Hudson
2047,Jose Armando Gola
2048,Leon Bisquera
2049,Trijntje Oosterhuis
2050,Alexandra Brown
2051,Dave Willis
2052,Mezz Mezzrow
2053,Gene Ramey
2054,Woody Theus
2055,Charlie Freeman
2056,Daiki Yasukagawa
2057,Tapani Rinne
2058,Andrew Cyrille
2059,Joel Davis
2060,Patricia Barber
2061,Tom Christianson
2062,Luther Hughes
2063,Andrea Pellegrini
2064,Lynne Fidmont Lindsey
2065,Jimmy Lewis
2066,Bobbi Humphrey
2067,Brian 'Armani B' Simpson
2068,Randall Willis
2069,Aaron Parks
2070,John McLean
2071,Markus Paßlick
2072,Marco Raposo 'Red'
2073,Raul Midón
2074,Timo Hietala
2075,Bobby Malach
2076,Tucker Martine
2077,Klaus Suonsaari
2078,Judy Stone
2079,Chris Thomas King
2080,Shelley Brown
2081,T.S. Monk
2082,Victor Jones
2083,Richard Cardwell
2084,Peter Asplund
2085,Hector Diaz
2086,Rosario Davila
2087,John De Leo
2088,Dj Logic
2089,Jules Bikôkô Bi Njami
2090,Brandon Ross
2091,Rey Amaury Burgos Delís
2092,Bernard Wright
2093,Mickey Bass
2094,Larry Carlton
2095,Fred Berman
2096,Albert Ammons
2097,Allison French
2098,Paul Flush
2099,Paco Charlín Portas
2100,Afreeka Trees
2101,Teddy Edwards
2102,Sandy Williams
2103,Lillian Williams
2104,Lucien Barbarin
2105,Charlie Parker
2106,Richard Julian
2107,Dave Adams
2108,Roy Hargrove
2109,Karim Ziad
2110,Ramon Morris
2111,Fay Simpson
2112,Fortune Reed
2113,Perk Jacobs
2114,Dave Matthews
2115,Willie Ruff
2116,Lefteris Christofis
2117,Steve Gilmore
2118,Morgan Ames
2119,Julian Argüelles
2120,Cedric Napoleon
2121,Daru
2122,Ratzo Harris
2123,Tomi Salesvuo
2124,Alberto Berera
2125,Shirley Horn
2126,Pete Christlieb
2127,Bob Belden
2128,Angelica Bisanti
2129,Bobby Carcassés
2130,Michael Parloff
2131,Greg Kurstin
2132,Baird Dodge
2133,Dennis Smylie
2134,Xavyon Jamison
2135,Charlie Chalmers
2136,Daniel Trimboli
2137,Ron Perillo
2138,Simone Padovani
2139,David Piltch
2140,Cecil Brooks III
2141,Emmanuel Pahud
2142,Nils Landgren
2143,Charles Persip
2144,Walter Bishop Jr.
2145,Rob Scheps
2146,Jamie McLean
2147,Dave Grusin
2148,Ike Isaacs
2149,Tessa Harp
2150,Bucky Pizzarelli
2151,Hank Mobley
2152,Ralph Lalama
2153,Juhani Liimatainen
2154,Paolo Mappa
2155,Carol Paisner
2156,Barney Perry
2157,Gary Bartz
2158,The Irish Film Orchestra
2159,Conte Candoli
2160,George Gaffney
2161,Bobby Timmons
2162,Liminha
2163,David Schwartz
2164,Jerry Rusch
2165,Rodolfo Chacón
2166,Hans Ulrik
2167,Chris Dahlgren
2168,Seb Rochford
2169,Rickey Lawton
2170,Elizabeth Kantumanou
2171,Jeff Parker
2172,Christian McKibbin 'Holy C'
2173,Dave Frishberg
2174,Freddie Perren
2175,Gene Perla
2176,David Maurin
2177,Jo Ann Gale Stevens
2178,Delbert Hill
2179,Vincent Herring
2180,Allison Cornell
2181,Gene Robinson
2182,Gerald Albright
2183,Gerald Moore
2184,Dadi Birgisson
2185,David Dyson
2186,Billy Griggs
2187,Eugene Ramey
2188,Herman Riley
2189,Bill Frisell
2190,Jean Hugo
2191,James Jamerson
2192,Cliff Downes
2193,William Kennedy
2194,Miles Grayson
2195,Debra Laws
2196,Jim Gilstrap
2197,Israel Baker
2198,Ralph Johnson Sr.
2199,Andy Simpkins
2200,Per 'Ruskträsk' Johansson
2201,Paul Mazzio
2202,Jimmy Owens
2203,Lee Alexander
2204,Bud Powell
2205,Ronald Markham
2206,Dave Frisina
2207,Joris Peeters
2208,Phil Goldberg
2209,Stephen Kupka
2210,Kenny Clarke
2211,Billy Drummond
2212,Oscar Brashear
2213,Bill Henderson
2214,Kenya Ivey
2215,Bunk Johnson
2216,Gary Coleman
2217,David Rawlings
2218,Lázaro Rizo Cuevas
2219,Vincent Calloway
2220,Polly Sweeney
2221,Art Taylor
2222,Jay Hoggard
2223,Darrin Mooney
2224,Al Harshman
2225,Dan Ubick
2226,Francis Coletta
2227,Lamont Johnson
2228,John Murtaugh
2229,Matthew Ward
2230,Mike Miller
2231,Dave Ballou
2232,Teddy Kotick
2233,Julius Watkins
2234,DJ Oil
2235,James Newton
2236,Ron Kozak
2237,Roy Okutani
2238,Jim Gailloreto
2239,Doris Eugenio
2240,Charisa Moffett
2241,Gilbert Rovere
2242,Jackie Verdell
2243,Pietro Tonolo
2244,Oscar Smith
2245,William Brock
2246,Guido Jöris
2247,Régis Ceccarelli
2248,Paul Nowinski
2249,Ray Fuller
2250,Verdine White
2251,Neil Stubenhaus
2252,Robert Rucker
2253,Tejre Gewelt
2254,Lars Nilsson
2255,Kenny Wollesen
2256,Red Norvo
2257,Larry Farrow
2258,Trey Anastasio
2259,Markita Morris
2260,Jimmy Rowser
2261,Ettore Fioravanti
2262,Jeff 'Tain' Watts
2263,Art Davis
2264,Jeremy Stacey
2265,Paul Pavlonick
2266,Franklin Skeete
2267,Bill Nuttycombe
2268,Nick Milo
2269,Beth Luscombe
2270,Joe Meyer
2271,Paco Sery
2272,Sahib Shihab
2273,John Hicks
2274,The City Of Prague Philharmonic
2275,Lynn Grants
2276,Babyface
2277,John Robinson
2278,Michel Legrand
2279,Norman Carr
2280,Stefano Lo Re
2281,Todd Simon
2282,Anthony Genn
2283,Emiliano Bassi
2284,Marcus Persiani
2285,Willie Bobo
2286,Shabaam Sahdeeq
2287,Vincent Bell
2288,Kati Outinen
2289,Bardi Johannsson
2290,Mike Elizondo
2291,Chiara Del Turco
2292,Lee Ritenour
2293,Gord Shields 'Jupiter'
2294,Thad Jones
2295,Yvette Miles
2296,Lee Abrams
2297,Matti Salminen
2298,Shad Collins
2299,Rod Cless
2300,Dynamax
2301,Warren Smith
2302,Duduka Da Fonseca
2303,Naoya Numa
2304,Theresa Mitchell
2305,Li'l John Roberts
2306,Alain Pérez Rodríguez
2307,Minino Garay
2308,Stefan Marx
2309,Laurent Vernerey
2310,Ray Nance
2311,Dr. Lonnie Smith
2312,Dori Caymmi
2313,Ronnie Laws
2314,Manolo Badrena
2315,Eric Revis
2316,Blue Mitchell
2317,Mongo Aaltonen
2318,Robert Popwell
2319,Wally Richardson
2320,Cecil Bridgewater
2321,Steve Eisen
2322,Ruby Froom
2323,Amanda Elias Becker
2324,Horace Silver
2325,Angel Allende
2326,Selwart Clarke
2327,Tarus Mateen
2328,Son Ship Theus
2329,Steve Beckham
2330,Herb Robertson
2331,Toby Baker
2332,Tiny Grimes
2333,Jimmy Wormworth
2334,Irvin Mayfield
2335,Seidi Palonen
2336,Don Grolnick
2337,Emily Singer
2338,Jesse Robinson
2339,Bob Jung
2340,Herb Ellis
2341,Gordon 'Specs' Powell
2342,Stanley Turrentine
2343,Pheeroan Ak Laff
2344,Nantha Kumar
2345,James Rivers
2346,Ronald Shannon Jackson
2347,Cyril Neville
2348,James Allen
2349,Max Roach
2350,Rocky Frisco
2351,Buddy Caldwell
2352,Martin Slattery
2353,Don White
2354,Jimmy Johnson
2355,Kenny Drew
2356,Sergio Santelli
2357,Kimati Dinizulu
2358,Kobie Powell
2359,Ernie Hayes
2360,Chapman Roberts
2361,Joachim Cooder
2362,Morgan Adams III
2363,Chris Walker
2364,Sandy Simmons
2365,Richard Oatts
2366,Tom Szczesniak
2367,Thibaut Javoy
2368,Ben Dowling
2369,Nicolas Repac
2370,Bill Berry
2371,Ubaldo Nieto
2372,Nathan Davis
2373,Gil Mellé
2374,Gavin Wright
2375,Vance 'Mad Dog' Ternort
2376,Tore Brunborg
2377,Nicolas Gueguen
2378,Pippo Matino
2379,Lew Soloff
2380,Kurt Rosenwinkel
2381,Tammy Lynn
2382,Vincent McEwan
2383,Vinx
2384,Niels-Henning Orsted Pedersen
2385,Alby Cullaz
2386,Ed Lustgarten
2387,Boney James
2388,Papi Oviedo
2389,James Riggs
2390,Jimmy Butts
2391,Melvin Robinson
2392,Jerry Segal
2393,Remy Vignolo
2394,Ann Esther Jessica
2395,Lamar Supreme
2396,Victor Bailey
2397,Julio Gonçalves
2398,Eric Sadler
2399,Lew McCreary
2400,Phil Bowler
2401,Kenny King
2402,Delmar Brown
2403,Betty Marks
2404,Angelo Verploegen
2405,Jual Curtis
2406,Nicky Skopelitis
2407,Darlene Perry
2408,Simon Hill
2409,Vladimir Ramos Pestana
2410,Howard Bowe
2411,Clarence Banks
2412,Pierpaolo Bisogno
2413,Stanley Clarke
2414,Bobby Watson
2415,Chuck MacKinnon
2416,Victor Feldman
2417,Doc Powell
2418,Rob Burger
2419,Don Shelton
2420,Will Lee
2421,Leon Jordan
2422,Ron Lawrence
2423,Al Green
2424,Bob Sheppard
2425,Donna Rhodes
2426,Victor Sazer
2427,Jean-Marie Ecay
2428,Mike Mani
2429,Anne Drummond
2430,Vassilikos
2431,Darryl Smith
2432,Patrice Moret
2433,Ray Conniff
2434,Henry Lowther
2435,Gary Smulyan
2436,Emil Richards
2437,Stefano Bagnoli
2438,Bill Davis
2439,Anthony Cox
2440,Hugh Sicotte
2441,CL Smooth
2442,Joseph Armstrong
2443,Pasi Pirinen
2444,Brend Nelson
2445,Russell Malone
2446,"""The Emperor"""
2447,Bert DeCoteaux
2448,Vasti Jackson
2449,Robert Paige
2450,Ronald Satkiewicz
2451,Solomon Ilori
2452,Jasmin Tusjadia
2453,Jerome Harris
2454,Andrew Simpkins
2455,Graham Kearns
2456,Eddie Gladden
2457,Marcus Miller
2458,Alan Shulman
2459,Eerik Siikasaari
2460,Joy Lyle
2461,Michele Laws
2462,Kenwood Dennard
2463,Richard Bona
2464,Janus Steprans
2465,Hiromasa Suzuki
2466,Mark Stevens
2467,Lenny Castro
2468,Luis Felipe Lamoglia
2469,Eric McPherson
2470,Bruce Dukov
2471,Michael Hedges
2472,Michele Papadia
2473,William Curtis
2474,Rafael Padia
2475,Les Lovitt
2476,Eddie Bobé
2477,Jorge Enrique Leyva Angulo
2478,Ed Cherry
2479,Edu Morelenbaum
2480,Joona Toivanen
2481,Steven Bernstein
2482,Jesse Levy
2483,David Kikoski
2484,Bud Nealy
2485,Oscar Galán Ruíz
2486,Michael Beza
2487,Jack Raines
2488,Eff Alberts
2489,Eddie Harris
2490,Mike Visceglia
2491,Henry Coker
2492,Jack Ellis
2493,Sylvia Bibbs
2494,Rodney Jones
2495,Claudio Fasoli
2496,Danny Bank
2497,James Spaulding
2498,Mick Hutton
2499,Jill Jones
2500,Bob West
2501,Cornell Dupree
2502,Bobby Forrester
2503,Gerrick King
2504,Charlie Miller
2505,Marvin Morganstern
2506,Anita Baker
2507,William Sample
2508,Milt Bernhart
2509,Aija Puurtinen
2510,Garry Newman
2511,Robert Allende
2512,Joseph Morris
2513,Michael Willars
2514,Sam Sims
2515,John Storgårds
2516,Adrian Drover
2517,Gerald Steinholtz
2518,Sujay Bobade
2519,Albert Heath
2520,Derrick Garderner
2521,Gary Thomas
2522,Sonny Clark
2523,Todd Horton
2524,Amos Trice
2525,Jimmy Cozier
2526,Bernard Ighner
2527,Scott Kinsey
2528,Hosea Taylor
2529,Bruno Castellucci
2530,Scott Thompson
2531,Baptiste Trotignon
2532,Giacomo Bassi
2533,Steve Becknell
2534,Caroline Dest
2535,Liza Zurlinden
2536,Dave Koz
2537,Nat Skiles
2538,Stix Hooper
2539,Jacques Schwarz-Bart
2540,Munyungo Jackson
2541,Verena Volkmer
2542,Bashiri Johnson
2543,Jeff Golub
2544,Fulumi Prince
2545,John Densmore
2546,Leon Parker
2547,Angelique Kidjo
2548,Jon Dryden
2549,Anders Kjellberg
2550,Malcolm Pollack
2551,Kenny Rupp
2552,Fabrizio Bosso
2553,Angelo Ray
2554,Victor Goines
2555,Payton Crossley
2556,Rene Mandrel
2557,Kurt Elling
2558,Stan Conover
2559,Eric Gaenslen
2560,Danny Spencer
2561,Denis Keldie
2562,Fred Fowler
2563,James Blood Ulmer
2564,Mose Allison
2565,Philippe Chayeb
2566,Marisa Monte
2567,Christophe
2568,Evelyn Goodwin
2569,Alessandro Suggelli
2570,Jeff Lee Johnson
2571,Paul Motian
2572,Barrie Maguire
2573,Marion Booker
2574,Alan Raph
2575,Elliott Fisher
2576,Merceditas Valdés
2577,Robin Olson
2578,Jimmy Woode
2579,Don Patterson
2580,Per Lindvall
2581,Maija Linkola
2582,The Wardell Quezergue Horns
2583,Mark Rossi
2584,Kenny Rodgers
2585,Clarence Penn
2586,Sylvia Cuenca
2587,Ricky Peterson
2588,Nick Cooper
2589,Mel Lewis
2590,Tony St. James
2591,Oliver Kuster
2592,Mich Gerber
2593,Clyde Bernhardt
2594,Peter Spurbeck
2595,John Medeski
2596,Glen Barratt
2597,Harry Edison
2598,Jennifer Priore
2599,Raul 'Caesar' Travieso
2600,Herbert Hardisty
2601,Phil Bodner
2602,Jimmy Garrison
2603,Walter Davis Jr.
2604,Ernie Watts
2605,Martin Winning
2606,Claudio 'Cacao' De Queiroz
2607,Paul Nagel
2608,Annette Huseby
2609,Chanté Moore
2610,Richard Landrum
2611,Charles Davis
2612,Calvin Jones
2613,Nick Lane
2614,Richie Kamuca
2615,Lionel Loueke
2616,Gary Gilmore
2617,Thomas Diener
2618,The Gift Of Gab
2619,Eleonora Rongoni
2620,Mildred Brown
2621,Mtume
2622,Booster
2623,Philippe Rigal
2624,Phil Palmer
2625,Vincent Taurelle
2626,Rick Rozie
2627,Clyde Lombardi
2628,Jim Beard
2629,Harry Carney
2630,Jay Lane
2631,Terumasa Hino
2632,Lasse Lindgren
2633,Rocky Bryant
2634,Ron Mael
2635,Stanley Jordan
2636,Felipe Cabrera
2637,Iiro Rantala
2638,Matthew Garrison
2639,Meg Okura
2640,Larry Farrell
2641,Wayne Holmes
2642,Fred Tompkins
2643,Kieran Overs
2644,Shaun Labelle
2645,Lloyd Trotman
2646,Tiffany Palmer
2647,LaVerne Barker
2648,Robert Berg
2649,Seymour Barab
2650,Steve Masakowski
2651,Christine Ermacoff
2652,Larry Kimpell
2653,Los Muñequitos de Matanzas
2654,Terry Shannon
2655,Rudi Marhold
2656,Kevin McNeal
2657,William Allen
2658,Irving Spice
2659,Keith Killgo
2660,Jimmy Lyons
2661,Ray Drummond
2662,David Miles
2663,Ragnheidur
2664,George Colligan
2665,David Travers-Smith
2666,John Campbell
2667,Cameron Brown
2668,Bill Urmson
2669,Phillip Bailey
2670,Bilal
2671,Bob Rockwell
2672,Gene McDaniels
2673,Cyro Baptiste
2674,Mark Anthony Peterson
2675,Cyro Baptista
2676,Sébastien Martel
2677,Dave Green
2678,Chase Sanborn
2679,Malia
2680,Jim Buffington
2681,Wilfredo Fuentes Cespedes
2682,Jimmy Archey
2683,Dr. Michael White
2684,Don Alias
2685,Carsten Dahl
2686,Mike Outram
2687,Frank Collett
2688,Dafnis Prieto
2689,Bill Takas
2690,David Murray
2691,Al Vescovo
2692,Hoto Jr.
2693,Jaques Morelenbaum
2694,Sam Riney
2695,Charles Mingus
2696,Alan Hinds
2697,Louis Taylor
2698,Bernard Purdie
2699,Eric Harland
2700,Dean Cortez
2701,John Harris Jr.
2702,Tim Warfield
2703,Brew Moore
2704,Luca Bulgarelli
2705,Ernest Ranglin
2706,Peter Martin
2707,Flare Funston
2708,Chauncey 'Lord' Westbrook
2709,Hans Kresse
2710,Darren Dumas
2711,Marshall Allen
2712,Kent Brinkley
2713,Mickey Roker
2714,Adam Levy
2715,Guilherme Franco
2716,Neal Alger
2717,Sammy Benskin
2718,Lil' John Roberts
2719,Joe Ferrante
2720,DJ Ghetto
2721,Keg Johnson
2722,Anouar Brahem
2723,Greg Mathieson
2724,Jimmy Sedlar
2725,Raymond Orchart
2726,Motohiko Hino
2727,Phil Upchurch
2728,Frederick Seykora
2729,Les Benedict
2730,Tuija-Maija Nurminen
2731,Kevan McKenzie
2732,Judi Silvano
2733,Esau Joyner
2734,Scott Lee
2735,Barbara Simmons
2736,Bill Hughes
2737,Roland Hanna
2738,Earl Palmer
2739,Lisa Bassenge
2740,Arthur 'Fats' Theus
2741,Geoff Keezer
2742,Bette Sussman
2743,James Hurt
2744,Bob Nieske
2745,Barbara Unger–Wertico
2746,Stefano Di Battista
2747,Billy Phillips
2748,Grupo Changüi De Santiago
2749,Joe Cohn
2750,Nikos Mavridis
2751,Giordano Geroni
2752,Bill Doggett
2753,Joke Schonewille
2754,Koono
2755,Roger Humphries
2756,Kurt Hoffman
2757,Marshall Otwell
2758,Joseph Goodman
2759,Jaki Byard
2760,John Burks
2761,Andy Gonzalez
2762,Chris Potter
2763,Tamaya Honda
2764,Max Leonard Alsmann
2765,Eiichi Hayashi
2766,Michael Hepburn
2767,Paul C. Shure
2768,Lawrence Marshall
2769,Efrem Townes
2770,Bob Meyer
2771,Kim Yvette Glasper
2772,Willie Jenkins
2773,Rohn Lawrence
2774,Bill Dixon
2775,Colleen Allen
2776,Clarence Johnston
2777,Kevin Wyatt
2778,Herbie Lewis
2779,Frank Wess
2780,Alfred Lyon
2781,Julio Martinez
2782,Billy Higgins
2783,Jesse Sadoc
2784,Scott Holt
2785,Eddie Gomez
2786,Laudir De Oliveira
2787,Jeffrey Osborne
2788,Jesse Harris
2789,Junah Chung
2790,Harold Jones
2791,Kevin Breit
2792,Scott Roberts
2793,Pat Metheny
2794,Zarkus Poussa
2795,Henry Ferber
2796,Orlando Voorn
2797,John Hebert
2798,Bobby Irwin
2799,Jennifer Munday
2800,Jack Hitchcock
2801,Lou Singer
2802,Taj McCoy
2803,Vincent Gardner
2804,Freddy Hill
2805,Scott Cannady
2806,Micke Littwold
2807,Michael Buyens
2808,Orland Wright
2809,Heikki Nikula
2810,Yusef Lateef
2811,Eric Lewis
2812,Roberto Vizcaíno
2813,Joan Gilbert
2814,Phillip Upchurch
2815,Arely Bey
2816,Vincent Nilsson
2817,Michael Parsberg
2818,Keith Anderson
2819,Mark Holen
2820,Peace
2821,Salome Bey
2822,Alex Riel
2823,Marlon Browden
2824,Edmond Hall
2825,Hal Rasheed
2826,DJ Smash
2827,Jimmy Giuffre
2828,Oxmo Puccino
2829,Billy Cobham
2830,Monk Hughes
2831,Abdou M'Boup
2832,Nioka Workman
2833,Earl Gardner
2834,Edsel Gomez
2835,Thelonious Monk
2836,Mike Campbell
2837,Eli Fountain
2838,H. S. Alexandra Leem
2839,Peter White
2840,Bobby Hutcherson
2841,David Gilmore
2842,Markus Holkko
2843,Wild Bill' Davison
2844,Tony Fisher
2845,Ruth Buffington
2846,John Fumo
2847,Michael Cain
2848,Thomas Holman
2849,Charles Terr
2850,Orville Saunders
2851,Tony Kadlek
2852,Pete Saunders
2853,Wilbur Bascomb Jr.
2854,Gary Peacock
2855,The Krim Symphonic Orchestra
2856,Stephen Johnson
2857,Art Blakey
2858,Yvan Cassar
2859,Jim Decker
2860,Patrice Moncell
2861,The Northwest Sinfonia
2862,Norman Leppard
2863,Bernardo Moreira
2864,Mike Clark
2865,Billy Pierce
2866,James Reese
2867,Dominic Glover
2868,Kathleen Lenski
2869,Constance Pressman
2870,Conrad Lester
2871,Ol Skool Jamz
2872,Rahsaan
2873,Roy Brooks
2874,Victor Padilla
2875,Joel Smirnoff
2876,John Capek
2877,Ralph Towner
2878,Pepe Ahlqvist
2879,Charles Gordon
2880,Jack Nimitz
2881,David Duke
2882,Elza Silva
2883,Nelson Boyd
2884,Billy Gardner
2885,Flemming Madsen
2886,Chick Wilson
2887,Tom Cawley
2888,Danny Turner
2889,Nysa Shenay
2890,Yoron Israel
2891,Herb Pomeroy
2892,Dorothy Ashby
2893,Antonis Papoutsakis
2894,Marc Moulin
2895,Grégoire Maret
2896,Jerry Underwood
2897,Steve Kirby
2898,Tony Studd
2899,Trevor Armstrong
2900,Michael Shrieve
2901,Raúl Piñeda Roque
2902,Johan Vandendriessche
2903,Lionel Suarez
2904,Rich Crawford
2905,Mickey Tucker
2906,John Gray
2907,Eric Hochberg
2908,Harold White
2909,Pat Flaherty
2910,George Howard
2911,Billy James
2912,Joan Wasser
2913,Adam Holzman
2914,Dena L. Rees
2915,Dennis Davis
2916,Mavis Staples
2917,Vivian Smith
2918,John Patitucci
2919,Richard Jonhston
2920,Justin Gordon
2921,Jeff Jank
2922,Frank Strozier
2923,Saundra 'Pan' Alexander
2924,Willie Mitchell
2925,Eric Legnini
2926,David Torkanowsky
2927,Toya Alexis
2928,Mike Smith
2929,Stephanie Spruill
2930,Peter Erskine
2931,J.J. Jackson
2932,Leroy Osborne
2933,Brian Dembow
2934,Nolan Smith
2935,Gwyneth Herbert
2936,Ray Armando
2937,Luiz Augusto Cavani
2938,Donald Gore
2939,Mike Williams
2940,Ron Brown
2941,Marshall Sosson
2942,Paquito D'Rivera
2943,Ralph Farris
2944,Melvin Moore
2945,James Pugh
2946,Edward Bennett
2947,Lois Brownsey
2948,Anthony Williams
2949,Anthony Brown
2950,Herman Ernest III
2951,Johnny Frigo
2952,Steve Coleman
2953,John Rowin
2954,DJ Spinna
2955,Charlie Loper
2956,Woody Williams
2957,Attilio Zanchi
2958,Michel Alibo
2959,George Duvivier
2960,Sam Yahel
2961,Andrés Miranda
2962,Bill Dowdy
2963,Richard Feves
2964,Jean-Marc Benais
2965,Herman Henry
2966,Tanga Rema
2967,Doug Yowell
2968,Ali Jackson
2969,Gene Bianco
2970,Orphy Robinson
2971,Stefano di Batista
2972,Orbert Davis
2973,Emil Mangelsdorff
2974,Fred Wesley
2975,Todd Terry
2976,Avishai E. Cohen
2977,Elisabeth Withers
2978,Bill Green
2979,Sheila Jordan
2980,Francesco Bassi
2981,Danilo Moccia
2982,Kevin Ricard
2983,Ahmad Miller
2984,John Austin Hughes
2985,Maridalia Hernández
2986,Damon Mendes
2987,Jeremy Bell
2988,Fats Theus
2989,Jon Cowherd
2990,Wilson Ernest Myers
2991,Gino Vannelli
2992,Lorraine Geller
2993,John Rowin Jr.
2994,Wayne Braithwaite
2995,Michael White
2996,Charles Moffett
2997,Philly Joe Jones
2998,Marlon Jordan
2999,Adam Cruz
3000,Gary Joynes
3001,Roman Filiu O'Reilly
3002,Mel Lee
3003,Tim Mulvenna
3004,Alan Jay Palmer
3005,Joe Farnsworth
3006,Leo Traversa
3007,Kurt Reher
3008,Junko Onishi
3009,Otto Virtanen
3010,Houston Person
3011,Sirone
3012,Charnett Moffett
3013,Billy Kilson
3014,Butch Warren
3015,Spider Webb
3016,Pierre Moerlen
3017,Juan Rozoff
3018,Karen Brunon
3019,Charles 'Specs' Wright
3020,Teddy Wilson
3021,Myer Bellow
3022,Bruce Carter
3023,Torigoe Keisuke
3024,Felice Reggio
3025,Vinnie Burke
3026,Jon Hendricks
3027,Roberto Occhipinti
3028,David Weiss
3029,Christopher Thomas
3030,Ray Brown
3031,Sir Charles Thompson
3032,Jim Karstein
3033,Herb Besson
3034,Doug Webb
3035,Ann Stockton
3036,Paul Sinegal
3037,Barney Bigard
3038,Paula Potocki
3039,Jack Mersch
3040,Garo Yellin
3041,Devin Greenwood
3042,Wendell Marshall
3043,Arnbjorg
3044,Ben Tucker
3045,Marvin 'Smitty' Smith
3046,Rory More
3047,Gordon Chambers
3048,Clyde Dunn
3049,Brad Wheeler
3050,Katrin Höpker
3051,George Cables
3052,Jimmy Shirley
3053,Tim Wayne
3054,Alvin Queen
3055,Louis Smith
3056,Roberto Vizcaino Guillot
3057,John Pintavalle
3058,Rick Todd
3059,Cynthia Morrow
3060,Donald Alves
3061,Henry Gronnier
3062,Steve Slagle
3063,Frank Cuomo
3064,Ray Draper
3065,Kasper Villaume
3066,Don Menza
3067,Moacir Santos
3068,Jerry Long
3069,Dave Ellis
3070,Billy Preston
3071,Lannie McMillan
3072,Emanuel Green
3073,Philip Catherine
3074,Hadley Caliman
3075,Bill Rogers
3076,Sam Dixon
3077,John Leone
3078,Jimmy Campbell
3079,Paisan Mallett
3080,James 'The Worm' Wormworth
3081,Dave Valentin
3082,London Session Orchestra
3083,Tyree Glenn Jr.
3084,Charlie Burnham
3085,Fred Seykora
3086,Marion The Magician
3087,Edward Blackwell
3088,Freddie Redd
3089,Sha-Key
3090,Eddie Wright
3091,Cevera Jeffries Jr.
3092,Gerry Brown
3093,John Parricelli
3094,Geoff Nuttall
3095,Herb Geller
3096,Tubby Hayes
3097,Dave Carey
3098,Lynne Fiddmont Lindse
3099,Jerry Dodgion
3100,Joan Osborne
3101,Debrah Long
3102,Dominic Miller
3103,Sara Parkins
3104,Kevin Harris
3105,Peer Wyboris
3106,Jim Shifflett
3107,Arthur Jenkins
3108,Stevie Wonder
3109,Jonathan Gee
3110,Markus Allan
3111,Evilio Quntero
3112,Ron Smith
3113,Perri
3114,Dana Murray
3115,Los Hoyos de Santiago de Cuba
3116,Olivier Clerc
3117,Bud Shank
3118,Yaya Outtara
3119,Hannu Vasara
3120,Wayman Tisdale
3121,Luis Quintero
3122,Harold Alexander
3123,Eva Cassidy
3124,Fred Hardy
3125,Prince Vasconcelos De Bois
3126,Chonguito Vincente
3127,Ronnie Foster
3128,Phil Leaford
3129,Armen Ksajikian
3130,Charlie Bisharat
3131,Charlie Persip
3132,Rodney Holmes
3133,Art Baron
3134,Doug Watkins
3135,Seymour Berman
3136,Albert Stinson
3137,Stephen Riley
3138,Ryuichi Sakamoto
3139,Bill Raffensperger
3140,Ronald Carbone
3141,Arnold Belnick
3142,Antonio Hart
3143,J.C. Heard
3144,Lenny White
3145,Wesley Boatman
3146,Alexander Pope Norris
3147,Sandra Nkaké
3148,Patricia O'Callaghan
3149,Peck Morrison
3150,Kaoru Watanabe
3151,Claudio Giovagnoli
3152,Rob Amster
3153,Larry Ritchie
3154,James Davis
3155,Qing Hou
3156,Don Kirkpatrick
3157,Bruce Barth
3158,Johnny Vidacovich
3159,Arjen De Graaf
3160,Don Weller
3161,Little John Roberts
3162,John Halton
3163,James Walker
3164,Palle Mikkelborg
3165,George Benson
3166,Bob Brookmeyer
3167,Carlos Tomas
3168,Alan Estes
3169,Marty Paich
3170,Frank Stangerup
3171,Teddy Bunn
3172,Sonny Sharrock
3173,Earl Klugh
3174,Gene Lake
3175,Randy Newman
3176,Leo Colon
3177,Steve Gadd
3178,Steve Berrios
3179,Dennis Passley 'Deknow'
3180,Ajlan Büyükburç
3181,Frederick Sanders
3182,Hector Martignon
3183,Carl Allen
3184,Hermeto Pascoal
3185,D.J. Rodgers
3186,Matt Wilson
3187,Everette Harp
3188,Marion Booker Jr.
3189,Jürgen Knautz
3190,Freddie Roach
3191,Liam Bradley
3192,Skeeter Best
3193,Frank Lacy
3194,Anatoly Rosinsky
3195,Roberto Cipelli
3196,Brian Simpson
3197,Marc Bertaux
3198,Carol Robbins
3199,Aspirina
3200,Designer
3201,Brian Mitchell
3202,Frank Emilio
3203,Robert Botti
3204,Tommi Vainikainen
3205,Hugh Harnell
3206,Steve Potts
3207,Richard Armin
3208,Cologne Voices
3209,Monty Alexander
3210,Candido
3211,Michael 'Patches' Stewart
3212,Paula Cole
3213,Louise Dubin
3214,Eddie Marshall
3215,John Cadrecha
3216,Bill Churchville
3217,Giuseppe Emmanuele
3218,Joni Mitchell
3219,Giorgio Maraschini
3220,Sheldon Sanov
3221,Jim Spake
3222,Kenneth Yerke
3223,Joe Wilder
3224,Billy Byers
3225,Bill Perkins
3226,Paul Bryan
3227,Gregoire Maret
3228,Joe Newman
3229,Valtteri Malmivirta
3230,Stu Goldberg
3231,Art Hodes
3232,Angela Babin
3233,Wilson Moorman III
3234,James P. Johnson
3235,Doug Miller
3236,Cliff Jackson
3237,Ray 'Mosquito' Romero
3238,Rémi Sciuto
3239,Kendrick Scott
3240,Ron King
3241,J.C. Moses
3242,Terreon Gully
3243,Hamid Drake
3244,Fred Pallem
3245,Mervyn Warren
3246,Mike Altschul
3247,Jeff Cressman
3248,Jimmy Moore
3249,Tim Reis
3250,Clarence Jones
3251,Trey Henry
3252,Ronald Folsom
3253,Chunk Wilson
3254,Lex Humphries
3255,Nathan East
3256,Larry Ridley
3257,Harold Clayton
3258,Dewey Redman
3259,Terri Lyne Carrington
3260,Bill Saxton
3261,Hugh Lawson
3262,Carlos Henriquez
3263,Gloria Agostini
3264,Robert Hurst
3265,Rafael Padilla
3266,Jerry Kessler
3267,Cristina Zavalloni
3268,Lynda Lawrence
3269,Larry Willis
3270,Al Brown
3271,Claude Bartee
3272,David Restivo
3273,Kevin Killen
3274,John Guerin
3275,Nikos Ginos
3276,AnnEsther Davis
3277,Paolo Speziale
3278,Andrew Martin
3279,Carlo Napolitano
3280,Larry Schneider
3281,Julia Waters
3282,Denyse Buffum
3283,Jennifer Sanon
3284,Lucia Minetti
3285,Chucho Valdés
3286,Tommy Morgan
3287,Tommy Derrick
3288,Marisol Espada
3289,Mark Mondesir
3290,Keith Robinson
3291,Rosario Giuliani
3292,Jason Jackson
3293,Jay Migliori
3294,Chuck Bergeron
3295,Antenett Goodman Ray
3296,Darryl Jones
3297,Eric Wyrick
3298,Ron Powell
3299,Dave Price
3300,Dick Oatts
3301,Michael Raynor
3302,Mario Fernández
3303,Kullervo Linna
3304,Anna-Mari Kähärä
3305,Airto Moreira
3306,Clark Terry
3307,Dennis Karmazyn
3308,Dom Um Romao
3309,Cyril Benhamou
3310,Eugene Taylor
3311,Carlos Martin
3312,Matthew Raimondi
3313,Charles Roper
3314,Bruce Watson
3315,Orlando 'Maraca' Valle
3316,Eddie Baccus Jr.
3317,Jesse Acuna
3318,Jean Ingraham
3319,Tim Ries
3320,Clifford Brown
3321,Stella Castellucci
3322,Benny Morton
3323,Maceo Parker
3324,Burt Collins
3325,Marvin Sewell
3326,Michael Hove
3327,Willie Capo
3328,Peck Allmond
3329,Renaud Simmons
3330,Julio Barreto
3331,Bob Northern
3332,Joe Wolf
3333,George Baker
3334,Francesco Manzoni
3335,Mark Ellis Stephens
3336,Jim Atkinson
3337,Adam Nussbaum
3338,James K. Lloyd
3339,Tim Hagans
3340,Fred White
3341,Ron Brooks
3342,DJ Logic
3343,Andy Gadsden
3344,Darrell Grant
3345,Specs Powell
3346,Cedar Walton
3347,Eric Alexander
3348,Sole Terästö
3349,Anthony Ortega
3350,Ed Sheftel
3351,Hi Tek
3352,Don Grusin
3353,Snooks Eaglin
3354,Earl Turbinton
3355,A. Ray 'The Weeper' Fuller
3356,Bruce Gary
3357,Charles Simon
3358,Mestre Carneiro
3359,Ed Pazant
3360,Lenny McBrowne
3361,Lanny Morgan
3362,Brenda Alford
3363,Charlie Pillow
3364,Todd Bashore
3365,Mike Murley
3366,Marshall Sealy
3367,Carl Randall
3368,Nederlands Blazers Ensemble
3369,Nicola Cipriani
3370,Lena Horne
3371,Stéphane Belmondo
3372,Christian McBride
3373,Romero Lubambo
3374,Jay Graydon
3375,Lonnie Smith
3376,Junior Cook
3377,Thomas Ovesen
3378,Joe Clayton
3379,Hen Gates
3380,Julie Gigante
3381,Chuck Davis
3382,Clarence Thomas
3383,Conrad Herwig
3384,Jacinto Joaquin Olivero Gavilán
3385,Alan Silva
3386,Tony Mason
3387,Roberto Silva
3388,Ali Shaheed Muhammad
3389,Junji Hirose
3390,Kenny Barron
3391,Ray 'The Weeper' Fuller
3392,Carol Lynn Maillard
3393,Reuben Wilson
3394,Chick Corea
3395,Angélique Kidjo
3396,Ricky Lawson
3397,Jack Ashford
3398,Marvin Cabell
3399,Robert DeBellis
3400,Mike Mandel
3401,India.Arie
3402,Jerry Hey
3403,Lefty Houston
3404,Briggan Krauss
3405,Gary Campbell
3406,Curtis Fuller
3407,Russell Lyle
3408,Omar Ba
3409,Matthew Backer
3410,Petsye Powell
3411,John Mitchell
3412,Lori Perry
3413,Bob Bushnell
3414,Robbie Nevil
3415,Duke Jordan
3416,Ira Segal
3417,Jimmy Haslip
3418,Myron Glasper
3419,Nicholas Cooper
3420,Gigi Worth
3421,John Di Martino
3422,Clifford Jarvis
3423,Fiachra Trench
3424,Suzanne Palmer
3425,Melton Mustafa
3426,Ali-Ollie Woodson
3427,Dreiser Durruthy Bombale
3428,Kenny Brooks
3429,Vinnie Thomas
3430,Purnell Rice
3431,Ira Coleman
3432,John Maller
3433,La La Cope
3434,Kathleen Lustgarten
3435,Dwayne Dolphin
3436,Lou Pollo
3437,Franck Agulhon
3438,Kirmo Lintinen
3439,Mark Vinci
3440,Joe Venuto
3441,Bill Miller
3442,Ced 'C'
3443,Albin De La Simone
3444,Lawrence Gales
3445,Dale Verdugo
3446,David Phillips
3447,Michael Formanek
3448,Chris Porter
3449,Edwyn Payne
3450,Henry Rhodes
3451,Lonnie Plaxico
3452,Hans Glawishnig
3453,Janis Siegel
3454,Pamela Goldsmith
3455,Thanos Mikroutsikos
3456,Curly Russell
3457,Elvis Costello
3458,Timo Lassy
3459,Sanford Allen
3460,Dave Eggar
3461,Armando Gola
3462,Richard Margitza
3463,Michele Zivahl
3464,Neal Evans
3465,Akira Tana
3466,Nicolai Schultz
3467,Tony Marino
3468,Richard Smith
3469,Pete Levin
3470,Jacques Voyemant
3471,Baby Dodds
3472,Sue Ann Carwell
3473,Omer Simeon
3474,Eyvind Kang
3475,Peter Cirelli
3476,Herbie Hancock
3477,Sid Weiss
3478,Robert Quintero
3479,Jeri Harp
3480,Grady Tate
3481,Jim Pugh
3482,"Daniele ""Bengi"" Benati"
3483,Nasheet Waits
3484,Gary Burton
3485,Regina Werneck
3486,Paul Wertico
3487,Jamey Haddad
3488,Richard Williams
3489,Ben Lewis
3490,Marlowe Morris
3491,Bobby Manuel
3492,Eddy Williams
3493,Gordon Marron
3494,Leroy Williams
3495,Gregorio Hernández
3496,Jonathan Butler
3497,João Donato
3498,Naoki Yanai
3499,Carmen Castaldi
3500,Marcos Díaz Scull
3501,Gretchen Parlato
3502,Pat Russo
3503,Rob Sudduth
3504,Sami Kuoppamäki
3505,Lisa Roberts
3506,Pierre de Bethmann
3507,Herbie Mann
3508,Lawrence Brown
3509,Fats Navarro
3510,Lynn Fidmont Lindsey
3511,Joe Dukes
3512,Steve Hall
3513,Bob Barnes
3514,Marlena Shaw
3515,Brian O'Rourke
3516,Carlitos Del Puerto
3517,Luis Conte
3518,Smokey Johnson
3519,Hans Vroomans
3520,Ray Gomez
3521,Monique Curnen
3522,Eric Figueroa
3523,Eddie Gale
3524,Carroll Stephens
3525,Curtis Watson
3526,Julia Tillman Waters
3527,Rémi Vignolo
3528,Sharlotte Gibson
3529,Steven MacKinnon
3530,Franck Amsallem
3531,Songai Sandra Smith
3532,Ed Schuller
3533,Carmelo Garcia
3534,Brandon Mason
3535,Gerard S. Jullien
3536,Efrem Towns
3537,Brice Winston
3538,Hochmad Ali Akkbar
3539,Darius Campo
3540,Ralph Alessi
3541,Marcus Roberts
3542,John Santos
3543,Inara George
3544,James McCollum
3545,Alan Evans
3546,Bebeto Jose Souza
3547,Megan Geer Alsop
3548,Douglas Purviance
3549,Maria Booker
3550,Joe Pass
3551,Azar Lawrence
3552,Gregory Matta
3553,Gareth Williams
3554,Allan Barnes
3555,Art Maebe
3556,Nate Skiles
3557,Acker Bilk
3558,Emily Mitchell
3559,Fred Falke
3560,Omar Clay
3561,Larry Cramer
3562,Steve Wilson
3563,Ed Harcourt
3564,Monty Budwig
3565,Charles Tolliver
3566,Donald Best
3567,Germaine Bazzle
3568,Paul Shure
3569,Curtis Lundy
3570,Dawnn Lewis
3571,Greg Poree
3572,George Tucker
3573,Helen Sung
3574,Thibault Renard
3575,Jonathan Kirkscey
3576,Li'l John
3577,Eric Benet
3578,Trummy' Young
3579,Scott Robinson
3580,Jay Bellerose
3581,David Haye
3582,Kengo Nakamura
3583,Bill Bivens
3584,Eric Dolphy
3585,Abraham Laboriel Jr
3586,Mauro Refosco
3587,Joe Bashorun
3588,Jay Berliner
3589,Kamerata Orchestra Of The Friends Of Music
3590,Diana Krall
3591,Steve Lewinson
3592,Hubert Laws
3593,Jimmy Madison
3594,Peter Schneider
3595,Yorgos Fakanas
3596,Raymond Brown
3597,Sam Kinninger
3598,Jon Clark
3599,Jamie Talbot
3600,Buddy Collette
3601,Clark Tracey
3602,Gib Wharton
3603,King Ellison
3604,Andy Sheppard
3605,Sachi Patitucci
3606,Metropole Orchestra
3607,George Edward Brown
3608,Thomas Semence
3609,Jojje Wadenius
3610,Abraham Laboriel
3611,Gerry Leonard
3612,Ester Nicholson
3613,Charles LiBove
3614,Inger Marie Gundersen
3615,Mads Krog
3616,Slide Hampton
3617,Madlib
3618,John Riley
3619,Gary King
3620,Wellington Blakey
3621,Gary Foster
3622,Rosario Bonaccorso
3623,Robert Stewart
3624,William Fontaine
3625,Paul Phillips
3626,Billy Harper
3627,Michael Bocian
3628,Ched Tolliver
3629,Olavi Louhivuori
3630,Michael Herbst
3631,Gaetano Partipilo
3632,Kenneth Rice
3633,Clay Jenkins
3634,Benjamin Henocq
3635,Alex Brown
3636,Reggie McBride
3637,Delfayo Marsalis
3638,Lucille Greco
3639,Nicolas Folmer
3640,Cecil McBee
3641,Marco Bonetti
3642,Billy Vera
3643,Deborah Laws
3644,Art Themen
3645,Jimmy Ponder
3646,Louis Winsberg
3647,Jerome Reisler
3648,Jacob Christoffersen
3649,Mitchel Forman
3650,Paul Grassi
3651,Tim Carmon
3652,Mr. Jam
3653,Keg' Johnson
3654,Wycliffe Gordon
3655,Michael Thornton
3656,Ettore Begnis
3657,Al Foster
3658,Luis DiTullio
3659,Pete Davis
3660,Carter Jefferson
3661,Sergio Cammariere
3662,Mayuto Correa
3663,Keyon Harrold
3664,Dave Holland
3665,Dick Hickson
3666,Mike Sims
3667,Jeff 'Train' Watts
3668,Gery Herbig
3669,Amanda Elias Brecker
3670,Aldo Romano
3671,Barbara Schloss
3672,Ricky Ravelo
3673,Marvin Robinson
3674,Fabrice Alleman
3675,Götz Alsmann
3676,Clark Gayton
3677,Barry Galbraith
3678,Gene Orloff
3679,Frank Parker Jr.
3680,Phil Hamilton
3681,Eddie Bert
3682,Jesse Erlich
3683,Scott Wendholt
3684,Freddy Robinson
3685,Danny Gottlieb
3686,Christine Lakeland
3687,Andrew White
3688,David Barry
3689,Hubert Crawford
3690,Gianluca Petrella
3691,Danny Cahn
3692,Bill Evans
3693,Esbjörn Svensson
3694,Adrian Kroneberger
3695,Petri Vallius
3696,Stefano Grossi
3697,Alfredo Thompson
3698,Herbert Morgan
3699,Ted Nash
3700,Nylon Beat
3701,Donn Wyatt
3702,James Ulmer
3703,Zara Bodé
3704,Wardell Gray
3705,Sandi Erwin
3706,Stuart Canin
3707,Harry DiVito
3708,Steve Grossman
3709,Andrew Borger
3710,Geoff Perkins
3711,Dean Bowman
3712,Roger Bobo
3713,Doug Weiss
3714,Ben Coudert
3715,Henderson Chambers
3716,Chris Parren
3717,Ronaldo N. Jackson
3718,Johnny Britt
3719,Jim Tomlinson
3720,McCoy Tyner
3721,Tawatha Agee
3722,Reginald Workman
3723,J-P Virtanen
3724,Hyman Goodman
3725,Cecilia Tsan
3726,Michael Sims
3727,Winterton Garvey
3728,Morris Goldberg
3729,Marlon McClain
3730,Lois Martin
3731,Ethan Weisgard
3732,Ricky Williams
3733,William Thorpe
3734,Christophe Wallemme
3735,Peter King
3736,James Leary
3737,Steve Guttierez
3738,Spiros Exaras
3739,Sidney DeParis
3740,Typhena Partridge
3741,Martin Drew
3742,Montego Joe
3743,Søren Frost
3744,Derek Holman
3745,Dolly Parton
3746,Gerard Presencer
3747,Bobbye Porter
3748,Fred Ballard
3749,Jerry Tineo
3750,Denzil Best
3751,Eeva Mäenluoma
3752,Elmon Wright
3753,Edward Walrond
3754,Warren Bryant
3755,Jack Whitford
3756,Marcus Rojas
3757,MC Collizhun
3758,Jerry Friedman
3759,Gail Nelson
3760,Frankie Dunlop
3761,Gwyn Foxx
3762,Bob Hurst
3763,Bernard Kundell
3764,George Moran
3765,Danny Blume
3766,Dave Rivera
3767,Philip Shepard
3768,Eric Reed
3769,Rudy Calzado
3770,Daisuke Fujiwara
3771,Larry Young
3772,Wah Wah Watson
3773,Stevo Théard
3774,Danny Pearson
3775,Walt Weiskopf
3776,Bay Perry
3777,Charles McCracken
3778,Jimmy Cleveland
3779,Chico Hamilton
3780,Stefano Martinetti
3781,Pharoah Sanders
3782,Jack Wilson
3783,Steve Jankowski
3784,Reggie Andrews
3785,Bob Cranshaw
3786,Barbara Massey
3787,Donald Brown
3788,Tadd Dameron
3789,Leroy Jones
3790,Leon Spencer
3791,D'Layne Huguez
3792,Ann Esther Davis
3793,Oscar Castro-Neves
3794,Tommy Blaize
3795,Michael Williams
3796,Alphonze Mouzon
3797,Clovis Nicolas
3798,Bernard Fowler
3799,Charles 'Skip' Pitts
3800,Darryl Washington
3801,Beverly Dahlke-Smith
3802,Beccy Byrne
3803,Lynne Fiddmont-Linsey
3804,Stafford Hunter
3805,David Gold
3806,Daniel Solomon
3807,Greg Phillinganes
3808,Otto Hardwick
3809,Harvey Mason
3810,John Hart
3811,Carlos Thomas
3812,Jarmo Saari
3813,Umberto Marcandalli
3814,Teddy Campbell
3815,Lynn Davis
3816,Jeff Lorber
3817,Stefano di Battista
3818,Dave Liebman
3819,Miguelito Valdes
3820,Raul Pineda Roque
3821,Michelin Prell
3822,Guido Basso
3823,Walter 'Wolfman' Washington
3824,Ricky Sebastian
3825,Jukka Perko
3826,Kenny Davis
3827,Marco Castiglioni
3828,Mark Taylor
3829,Numa Naoya
3830,Frank Gordon
3831,Rachel Robinson
3832,Lou Donaldson
3833,Leon Eason
3834,Nat Reeves
3835,Myron Walden
3836,Danny Alvin
3837,Daniele Scannapieco
3838,Virtuosi Di Kuhmo
3839,Katherine Lyra
3840,Kirk McDonald
3841,Gus Seyffert
3842,Phatt Al
3843,J.T. Lewis
3844,Rowland Sutherland
3845,Don Cherry
3846,Von Freeman
3847,Rob Franken
3848,Trilok Gurtu
3849,Billy Taylor
3850,John Blake
3851,Tommy Smith
3852,Gerald Tarack
3853,Steve Swallow
3854,Vladimiro Carboni
3855,Brian Magnus
3856,Gil' Coggins
3857,Päivi Korhonen
3858,Al Gafa
3859,Wladimir Gasper
3860,Bernard Beloyd Taylor
3861,Mark Harowitz
3862,DJ Lord Such
3863,Billy Wooten
3864,John Vidacovich
3865,Alonzo Bowen
3866,Erik Truffaz
3867,Lew Tabackin
3868,Chuck Wilson
3869,Kenny Garrett
3870,Nyota Mugonza
3871,Karen Hernandez
3872,Reggie Lucas
3873,Justo Almario
3874,Sachi McHenry
3875,Harry Zaratzian
3876,Josh Brown
3877,Al Dreares
3878,Kenneth Nash
3879,Bobbye Porter Hall
3880,Lodewijk Van Gorp
3881,Carl Burnett
3882,Aaron Rosand
3883,Ray Charles
3884,Dave Bailey
3885,Jay Collins
3886,Anna Giddey
3887,Kenyatta Simon
3888,Charles Fambrough
3889,Gary Denton
3890,John Collins
3891,Joyce Imbesi
3892,Pim Roos
3893,Clifford Starkey
3894,Larry Mizell
3895,Roy Haynes
3896,Vicchio Folk Band
3897,Mark Elf
3898,William Campbell
3899,Joe Sample
3900,RM
3901,Bill Carrothers
3902,Wallace Roney
3903,Donald McDonald
3904,Alvin Raglin
3905,John E. Gatchell
3906,Billy Martin
3907,Harold Mason
3908,Dick Morrissey
3909,Esther Ridgeway
3910,Flavio Boltro
3911,Orlando Q. Rodríguez
3912,James Gadson
3913,Adam Rudolph
3914,David Guy
3915,Dwayne 'Smitty' Smith
3916,Wilton Felder
3917,Michael Babatunde Olatunji
3918,Wardell Quezergue
3919,Theriot
3920,Michael Stewart
3921,Cannonball Adderley
3922,George Braith
3923,Lee Stone
3924,Ari Hoenig
3925,Steve Moss
3926,Larry Gold
3927,Maximino Dufresne
3928,Vernessa Mitchell
3929,Andy Gangadeen
3930,Sean Jones
3931,John Tropea
3932,Marlou Johnston
3933,Laurence Hobgood
3934,Ralph Beecham
3935,Billy Mitchell
3936,Kenny Wild
3937,Larry Grenadier
3938,"""The Little Emo"""
3939,Christa
3940,Brenda Russell
3941,Dorio Ferreira
3942,Buckwheat Zydeco
3943,Roberto Vizcaíno Guillot
3944,Carlos del Puerto
3945,Zach Harmon
3946,Willow Geer
3947,John Abercrombie
3948,Lizz Wright
3949,Joe Temperley
3950,Tânia Maria
3951,Oliver Wood
3952,Mike Migliore
3953,Dario Deidda
3954,Joey DeFrancesco
3955,Phil Woods
3956,Charles Moore
3957,Van Morrison
3958,Everett Barksdale
3959,Ralph Penland
3960,Sandra Rhodes
3961,Harry Whitaker
3962,Mike Cavanaugh
3963,Bill McClellan
3964,Tim Vine
3965,Mia Kasper
3966,Gilda
3967,Greg Osby
3968,Colin Bailey
3969,Lee Goodall
3970,Caroline Willis
3971,Sam Katina
3972,Reuben Rogers
3973,Tony Levin
3974,Hugh Marsh
3975,Jason Moran
3976,Raúl Píñeda Roque
3977,Gene Taylor
3978,Tim DeHuff
3979,Luther Waters
3980,Ed Petersen
3981,Josian Ilori
3982,Marius Beets
3983,Pete Thomas
3984,Adam Rogers
3985,Manu Codjia
3986,Neil Clarke
3987,Paolo Bini
3988,John Johnson
3989,George Devens
3990,Peter Reit
3991,Jerzy Kaplanek
3992,Cynthia Phelps
3993,Peter Prommel
3994,Melissa Slocum
3995,Lars Jansson
3996,Nicky Scott
3997,Aruna Narayan Kalle
3998,Larry Hancock
3999,Ernie Henry
4000,Mário Barreiros
4001,Mathieu Bost
4002,Keren Ann
4003,Shari Zippert
4004,Terence Blanchard
4005,Ken McIntyre
4006,Malik Mezzadri
4007,Andy Scherrer
4008,Robert Zantay
4009,Chuck Domanico
4010,Francisco Rubio Pampin
4011,Earl May
4012,George 'Pops' Foster
4013,Allen Toussaint
4014,Melvin Butler
4015,Al Cherry
4016,Mari Kunnari
4017,Ed Thigpen
4018,Dave Onderdonk
4019,Vikter Duplaix
4020,Martin Drover
4021,Gideon Feldstein
4022,J.J. Johnson
4023,Geoff Wilkinson
4024,Jerry Peters
4025,Harold Mabern
4026,Babs Gonzales
4027,Deneice Williams
4028,Bob Haynes
4029,Billy Butler
4030,Randy Cannon
4031,Eliane Elias
4032,Bob Eriendson
4033,Peter Schmidlin
4034,Nicola Stilo
4035,Gregg Moore
4036,Arnie Lawrence
4037,Ronald Coleman
4038,Peter Tiehuis
4039,Eddie Miller
4040,Chick Robertson
4041,Steve Williamson
4042,Sheldon Moore 'S-luv'
4043,Xavier Desandre-Navarre
4044,Alvester Garnett
4045,Marty McCall
4046,Curtis Fowlkes
4047,Ronny Jordan
4048,Omar Hakim
4049,Donald Beck
4050,Fankie Wilmont
4051,Daniel Smith
4052,Keefus Ciancia
4053,Robert Crowder
4054,Ray Vega
4055,Barry Ries
4056,Hilario Durán
4057,Dwayne Burno
4058,Reggie Hamilton
4059,Anthony Jackson
4060,Charles Earland
4061,Fred Sherry
4062,Scott Alexander
4063,Martin Banks
4064,Pete Beachill
4065,Johnny Paloma
4066,Andrea Melani
4067,Jack Lesberg
4068,Lonnie Paxico
4069,Casey Benjamin
4070,Tim Heintz
4071,Nikita Germaine
4072,Patrice Rushen
4073,Alphonso Johnson
4074,John Johnson 
4075,James Getzoff
4076,Joe Grimm
4077,Gudrudur
4078,Ahmed Abdul-Malik
4079,Aaron Mecals
4080,Seppo Kantonen
4081,Victor Gonzales
4082,Vince Benedetti
4083,John Manning
4084,Emmanuel Riggins
4085,Toby Gad
4086,Tim Owens
4087,David Garfield
4088,Joey Calderazzo
4089,Richard Wyands
4090,George Garzone
4091,Pedro Martínez
4092,Jeff Porcaro
4093,Musa Kaleem
4094,Earl Dumler
4095,George Coleman
4096,Will Wheaton
4097,Rene McLean
4098,Steve Simon
4099,Hans Sturm
4100,Anders Gustafsson
4101,Tal Farlow
4102,Marvin Chappell
4103,Dave Burk
4104,Brian Kilgore
4105,Major Holley Jr.
4106,Pee Wee Tinney
4107,J.R. Monterose
4108,John Heard
4109,Warren Luening
4110,Stéphane Huchard
4111,Johan Van Der Linden
4112,Tyrone Washington
4113,Wilmore 'Slick' Jones
4114,Shedrick Mitchell
4115,Satoshi Takeishi
4116,Chris Wood
4117,John Scofield
4118,Les Jenkins
4119,Bob Glaub
4120,Wayne Tweed
4121,Dennis Chambers
4122,Kevin Robinson
4123,Teddy Robinson
4124,Michael Carvin
4125,Ernie Tack
4126,Charles Russo
4127,Louis Stone
4128,Ray Anderson
4129,Tuure Koski
4130,Assa Drori
4131,John Lewis
4132,Ralph MacDonald
4133,Hugo Raimond
4134,Thurman Green
4135,Julien Lourau
4136,Warren Haynes
4137,Joseph Daddiego
4138,Ben Perowsky
4139,Dave Hubbard
4140,Branford Marsalis
4141,Frank Ippolito
4142,Gordon Edwards
4143,Natalie Dessay
4144,Vincent Segal
4145,Michael Flythe
4146,Roger Mason
4147,Clifford Barbaro
4148,Lawrence Feldman
4149,Louise Setara
4150,Sean Smith
4151,Roger Squitero
4152,Jo Jones
4153,Mitch Forman
4154,Kimberley Locke
4155,Buddy Childers
4156,Irma Neuman
4157,Lenny Pickett
4158,Giulia Bizzi
4159,Osvaldo 'Chihuahau' Martinez
4160,Annette Hardeman
4161,Varney Barlow
4162,Mustafo
4163,Café
4164,Charles Williams Jr.
4165,Max Kaminsky
4166,Raymond Gniewek
4167,Bob Dorough
4168,Daniel Pezzotti
4169,Harold Vick
4170,Bonnie Douglas
4171,Juliann French
4172,James D. Blair
4173,Hubie Crawford
4174,Larry Corbett
4175,Corrado Sambito
4176,Adarryl Perry
4177,Lenny Picket
4178,Marc Cary
4179,Matthieu Michel
4180,Joey Elias
4181,KCB
4182,Sammie Williams
4183,Hammadi Rencurrell Valdés
4184,Dave Burns
4185,Alvin Taylor
4186,Gail Levant
4187,George Wallington
4188,Grover Washington Jr.
4189,Pedro Iturralde
4190,Robert Perkins
4191,Paolino Dalla Porta
4192,John Patton
4193,Ugonna Okegwo
4194,Jacky Terrasson
4195,David Earle Johnson
4196,Luca Maggioni
4197,Dick Berg
4198,François Moutin
4199,Don Byron
4200,Cheryl Bentyne
4201,Don Minasi
4202,Chip Kaner
4203,Eddie Johnson
4204,Fred Moore
4205,Tatsuji Yokoyama
4206,Gus Johnson
4207,Paolo Fresu
4208,Phillip Ingram
4209,Red Wooten
4210,Douglas Thomas
4211,Ike Quebec
4212,Philippe Pipon Garcia
4213,Kim Richmond
4214,Al Lucas
4215,Jeremy Pelt
4216,John Richardson
4217,Leo Morris
4218,Don Arnone
4219,Alberto Mandarini
4220,Jeffrey Haynes
4221,Gregory Miller
4222,Trisha Chamberlain
4223,Regina Carter
4224,Arnaud Taillefer
4225,Kamasi Washington
4226,Harold Ousley
4227,Abe Most
4228,Toni Lane
4229,Andreas Denhoff
4230,Myles Weinstein
4231,Jimmy Jones
4232,Cecil Taylor
4233,Maxi Anderson
4234,Leslie Craig Smith
4235,Djaffar Bensetti
4236,Norman Wright
4237,Shaun LaBelle
4238,François Peckeur
4239,Hymie Lewak
4240,Ellis Marsalis
4241,Erno Neufeld
